path,package_or_target,target_kind,source_kind,role,line_count,imports,major_types,implemented_responsibility,migration_leftover_count,migration_leftovers,cleanup_notes,test_coverage_signal,repo_skill_alignment,general_best_practice_alignment,risk_level,print_count,logger_calls_inside_debug_count,task_detached_count,userdefaults_did_change_count,geometry_reader_count,public_declaration_count,public_doc_comment_count
Ensemble/App/AppDelegate.swift,Ensemble app,App target,Sources,"App delegate integration for audio, launch restore, Siri handoff, background events",1459,AVFoundation; AppIntents; EnsembleCore; EnsembleSiriShared; GameController; Intents; UIKit; os,class AppDelegate; extension UIInterfaceOrientationMask; struct ExtensionSiriPayloadIdentifier; enum SiriPlaybackExecutionGate; class InAppPlayMediaIntentHandler; enum SpaceBarPlaybackShortcut; extension UIApplication,"Implements AppDelegate, ExtensionSiriPayloadIdentifier, SiriPlaybackExecutionGate, InAppPlayMediaIntentHandler for app delegate integration for audio, launch restore, siri handoff, background events.",0,,"Large file: audit for nested helpers or policy seams that can move to existing shared owners. | Review detached tasks for cancellation, actor isolation, and priority against subsystem policy.",No obvious direct test signal found.,Matches app-target integration boundary over packages.,"No print usage found. Large file; review cohesive type/extension boundaries over time. Task.detached usage should retain explicit priority, cancellation, and actor-isolation reasoning.",medium,0,0,3,0,0,0,0
Ensemble/App/EnsembleApp.swift,Ensemble app,App target,Sources,"App entry point, scene wiring, commands, lifecycle coordination",674,AppKit; BackgroundTasks; EnsembleCore; EnsembleUI; Intents; OSLog; SwiftUI; os,enum AppLogger; struct EnsembleApp; extension View; class MacAppDelegate; enum MacPlaybackShortcut; extension Scene,"Implements AppLogger, EnsembleApp, MacAppDelegate, MacPlaybackShortcut for app entry point, scene wiring, commands, lifecycle coordination.",0,,"Medium-large file: keep an eye on responsibility creep. | Review detached tasks for cancellation, actor isolation, and priority against subsystem policy.",No obvious direct test signal found.,Matches app-target integration boundary over packages.,"No print usage found. Task.detached usage should retain explicit priority, cancellation, and actor-isolation reasoning.",medium,0,0,2,0,0,0,0
Ensemble/App/EnsembleAppShortcuts.swift,Ensemble app,App target,Sources,"App entry point, scene wiring, commands, lifecycle coordination",312,AppIntents; EnsembleCore; EnsembleSiriShared; Foundation; OSLog,enum SiriAppShortcutLogger; enum SiriIndexLookup; struct EnsembleAlbumEntity; struct EnsembleAlbumEntityQuery; struct EnsemblePlaylistEntity; struct EnsemblePlaylistEntityQuery; struct SiriShortcutPlaybackExecutor; struct PlayEnsembleAlbumIntent; struct PlayEnsemblePlaylistIntent; struct EnsembleAppShortcutsProvider,"Implements SiriAppShortcutLogger, SiriIndexLookup, EnsembleAlbumEntity, EnsembleAlbumEntityQuery for app entry point, scene wiring, commands, lifecycle coordination.",0,,Move diagnostic logger calls out from #if DEBUG unless surrounding code must be debug-only.,No obvious direct test signal found.,Matches app-target integration boundary over packages. Needs logging-policy review: logger calls appear inside #if DEBUG.,No print usage found. Naming/type structure generally follows Swift idioms from static inspection.,high,0,5,0,0,0,0,0
Ensemble/App/ExternalDisplaySceneDelegate.swift,Ensemble app,App target,Sources,External display scene delegate and AirPlay screen host,135,EnsembleCore; EnsembleUI; SwiftUI; UIKit; os,class ExternalDisplaySceneDelegate,Implements ExternalDisplaySceneDelegate for external display scene delegate and airplay screen host.,0,,No immediate cleanup note from static scan; revisit when touching related behavior.,No obvious direct test signal found.,Matches app-target integration boundary over packages.,No print usage found. Naming/type structure generally follows Swift idioms from static inspection.,low,0,0,0,0,0,0,0
EnsembleSiriIntentsExtension/AddMediaIntentHandler.swift,Siri intents extension,Extension target,Sources,SiriKit media intent extension handling and shared-index lookup,148,EnsembleSiriShared; Foundation; Intents; os,class AddMediaIntentHandler,Implements AddMediaIntentHandler for sirikit media intent extension handling and shared-index lookup.,0,,No immediate cleanup note from static scan; revisit when touching related behavior.,No obvious direct test signal found.,Matches extension boundary by using EnsembleSiriShared instead of linking Core.,No print usage found. Public API documentation appears incomplete (0/4 declarations with immediate doc comments).,low,0,0,0,0,0,4,0
EnsembleSiriIntentsExtension/IntentHandler.swift,Siri intents extension,Extension target,Sources,SiriKit media intent extension handling and shared-index lookup,27,Intents; os,class IntentHandler,Implements IntentHandler for sirikit media intent extension handling and shared-index lookup.,0,,No immediate cleanup note from static scan; revisit when touching related behavior.,No obvious direct test signal found.,Matches extension boundary by using EnsembleSiriShared instead of linking Core.,No print usage found. Naming/type structure generally follows Swift idioms from static inspection.,low,0,0,0,0,0,0,0
EnsembleSiriIntentsExtension/PlayMediaIntentHandler.swift,Siri intents extension,Extension target,Sources,SiriKit media intent extension handling and shared-index lookup,577,EnsembleSiriShared; Foundation; Intents; os,class PlayMediaIntentHandler,Implements PlayMediaIntentHandler for sirikit media intent extension handling and shared-index lookup.,0,,No immediate cleanup note from static scan; revisit when touching related behavior.,No obvious direct test signal found.,Matches extension boundary by using EnsembleSiriShared instead of linking Core.,No print usage found. Public API documentation appears incomplete (0/3 declarations with immediate doc comments).,low,0,0,0,0,0,3,0
EnsembleSiriIntentsExtension/SiriMatchingHelpers.swift,Siri intents extension,Extension target,Sources,SiriKit media intent extension handling and shared-index lookup,94,EnsembleSiriShared; Foundation,struct SiriMediaIndexSnapshot; struct SiriMediaIndexItemSnapshot; struct RankedItem; struct SiriPayloadIdentifier; enum SiriMatchingHelpers,"Implements SiriMediaIndexSnapshot, SiriMediaIndexItemSnapshot, RankedItem, SiriPayloadIdentifier for sirikit media intent extension handling and shared-index lookup.",0,,No immediate cleanup note from static scan; revisit when touching related behavior.,No obvious direct test signal found.,Matches extension boundary by using EnsembleSiriShared instead of linking Core.,No print usage found. Naming/type structure generally follows Swift idioms from static inspection.,low,0,0,0,0,0,0,0
EnsembleSiriIntentsExtension/UpdateMediaAffinityIntentHandler.swift,Siri intents extension,Extension target,Sources,SiriKit media intent extension handling and shared-index lookup,107,EnsembleSiriShared; Foundation; Intents; os,class UpdateMediaAffinityIntentHandler,Implements UpdateMediaAffinityIntentHandler for sirikit media intent extension handling and shared-index lookup.,0,,No immediate cleanup note from static scan; revisit when touching related behavior.,No obvious direct test signal found.,Matches extension boundary by using EnsembleSiriShared instead of linking Core.,No print usage found. Public API documentation appears incomplete (0/4 declarations with immediate doc comments).,low,0,0,0,0,0,4,0
EnsembleWatch/App/EnsembleWatchApp.swift,EnsembleWatch,Watch target,Sources,watchOS target entry/view layer,13,EnsembleCore; SwiftUI; WatchKit,struct EnsembleWatchApp,Implements EnsembleWatchApp for watchos target entry/view layer.,0,,No immediate cleanup note from static scan; revisit when touching related behavior.,No obvious direct test signal found.,No obvious conflict with loaded project skills from static scan.,No print usage found. Naming/type structure generally follows Swift idioms from static inspection.,low,0,0,0,0,0,0,0
EnsembleWatch/Views/WatchRootView.swift,EnsembleWatch,Watch target,Sources,watchOS target entry/view layer,232,EnsembleCore; SwiftUI,struct WatchRootView; struct WatchLoginView; struct WatchMainView; struct WatchNowPlayingView; struct WatchLibraryView,"Implements WatchRootView, WatchLoginView, WatchMainView, WatchNowPlayingView for watchos target entry/view layer.",0,,No immediate cleanup note from static scan; revisit when touching related behavior.,No obvious direct test signal found.,Diverges from known-issues: watchOS auth references missing DependencyContainer.makeAuthViewModel/AuthViewModel; deferred but still critical.,No print usage found. Naming/type structure generally follows Swift idioms from static inspection.,critical,0,0,0,0,0,0,0
Packages/EnsembleAPI/Package.swift,EnsembleAPI,Package,Package manifest,Swift package manifest and dependency/platform declaration,33,PackageDescription,,"Declares the EnsembleAPI Swift package platforms, products, dependencies, targets, and tests.",0,,No immediate cleanup note from static scan; revisit when touching related behavior.,Covered indirectly by package build/test resolution.,Aligned with layered package architecture and iOS 15/macOS 12/watchOS 8 platform baseline.,No print usage found. Naming/type structure generally follows Swift idioms from static inspection.,low,0,0,0,0,0,0,0
Packages/EnsembleAPI/Sources/Auth/KeychainService.swift,EnsembleAPI,Package,Sources,Plex authentication and keychain-token lifecycle,77,Foundation,protocol KeychainServiceProtocol; extension KeychainServiceProtocol; class KeychainService; enum KeychainKey,"Implements KeychainServiceProtocol, KeychainService, KeychainKey for plex authentication and keychain-token lifecycle.",0,,No immediate cleanup note from static scan; revisit when touching related behavior.,"Obvious related tests: Packages/EnsembleAPI/Tests/PlexAPIClientFailoverPolicyTests.swift, Packages/EnsembleAPI/Tests/PlexAPIClientTests.swift, Packages/EnsembleAPI/Tests/PlexResourcesSpecTests.swift, Packages/EnsembleCore/Tests/AccountManagerAuthPolicyTests.swift (+14 more).",Matches architecture networking layer.,No print usage found. Public API documentation appears incomplete (3/10 declarations with immediate doc comments).,low,0,0,0,0,0,10,3
Packages/EnsembleAPI/Sources/Auth/PlexAuthService.swift,EnsembleAPI,Package,Sources,Plex authentication and keychain-token lifecycle,203,Foundation; UIKit,enum PlexAuthError; struct PlexAuthState; actor PlexAuthService,"Implements PlexAuthError, PlexAuthState, PlexAuthService for plex authentication and keychain-token lifecycle.",0,,No immediate cleanup note from static scan; revisit when touching related behavior.,"Obvious related tests: Packages/EnsembleAPI/Tests/PlexAuthTokenLifecycleTests.swift, Packages/EnsembleCore/Tests/AddPlexAccountViewModelTests.swift.",Matches architecture networking layer.,No print usage found. Public API documentation appears incomplete (3/11 declarations with immediate doc comments).,low,0,0,0,0,0,11,3
Packages/EnsembleAPI/Sources/Auth/PlexAuthTokenMetadata.swift,EnsembleAPI,Package,Sources,Plex authentication and keychain-token lifecycle,46,Foundation,struct PlexAuthTokenMetadata; enum PlexJWTParser,"Implements PlexAuthTokenMetadata, PlexJWTParser for plex authentication and keychain-token lifecycle.",0,,No immediate cleanup note from static scan; revisit when touching related behavior.,"Obvious related tests: Packages/EnsembleCore/Tests/AccountManagerAuthPolicyTests.swift, Packages/EnsembleCore/Tests/MusicSourceAccountDetailViewModelTests.swift.",Matches architecture networking layer.,No print usage found. Public API documentation appears incomplete (1/6 declarations with immediate doc comments).,low,0,0,0,0,0,6,1
Packages/EnsembleAPI/Sources/Client/ConnectionFailoverManager.swift,EnsembleAPI,Package,Sources,"Plex networking client, endpoint routing, failover, and transport helpers",601,Foundation,actor ConnectionFailoverManager; struct ConnectionHealth,"Implements ConnectionFailoverManager, ConnectionHealth for plex networking client, endpoint routing, failover, and transport helpers.",0,,Medium-large file: keep an eye on responsibility creep. | Move diagnostic logger calls out from #if DEBUG unless surrounding code must be debug-only.,"Obvious related tests: Packages/EnsembleAPI/Tests/ConnectionFailoverManagerTests.swift, Packages/EnsembleCore/Tests/ServerHealthCheckerClassificationTests.swift.",Matches architecture networking layer. Needs logging-policy review: logger calls appear inside #if DEBUG.,No print usage found. Public API documentation appears incomplete (9/13 declarations with immediate doc comments).,high,0,19,0,0,0,13,9
Packages/EnsembleAPI/Sources/Client/PlexAPIClient+Connections.swift,EnsembleAPI,Package,Sources,"Plex networking client, endpoint routing, failover, and transport helpers",82,Foundation,extension PlexAPIClient; struct PlexServerRootResponse; enum CodingKeys,"Implements PlexServerRootResponse, CodingKeys for plex networking client, endpoint routing, failover, and transport helpers.",0,,Move diagnostic logger calls out from #if DEBUG unless surrounding code must be debug-only.,No obvious direct package test signal found by static name/content scan.,Matches architecture networking layer. Needs logging-policy review: logger calls appear inside #if DEBUG.,No print usage found. Public API documentation appears incomplete (4/7 declarations with immediate doc comments).,low,0,3,0,0,0,7,4
Packages/EnsembleAPI/Sources/Client/PlexAPIClient+Downloads.swift,EnsembleAPI,Package,Sources,"Plex networking client, endpoint routing, failover, and transport helpers",361,Foundation,extension PlexAPIClient,"Provides Plex APIClient extension for Downloads support for plex networking client, endpoint routing, failover, and transport helpers.",1,L67: /// Download a universal transcode stream to a temporary file and return the file URL.,Triage legacy/migration/deprecated markers before new work in this area. | Move diagnostic logger calls out from #if DEBUG unless surrounding code must be debug-only.,No obvious direct package test signal found by static name/content scan.,Matches architecture networking layer. Needs logging-policy review: logger calls appear inside #if DEBUG. Contains migration/legacy/cleanup markers for follow-up triage.,No print usage found. Public declarations appear documented by immediate doc comments.,high,0,11,0,0,0,3,3
Packages/EnsembleAPI/Sources/Client/PlexAPIClient+Library.swift,EnsembleAPI,Package,Sources,"Plex networking client, endpoint routing, failover, and transport helpers",405,Foundation,extension PlexAPIClient,"Provides Plex APIClient extension for Library support for plex networking client, endpoint routing, failover, and transport helpers.",0,,Move diagnostic logger calls out from #if DEBUG unless surrounding code must be debug-only.,No obvious direct package test signal found by static name/content scan.,Matches architecture networking layer. Needs logging-policy review: logger calls appear inside #if DEBUG.,No print usage found. Public declarations appear documented by immediate doc comments.,high,0,4,0,0,0,27,27
Packages/EnsembleAPI/Sources/Client/PlexAPIClient+Metadata.swift,EnsembleAPI,Package,Sources,"Plex networking client, endpoint routing, failover, and transport helpers",132,Foundation,extension PlexAPIClient,"Provides Plex APIClient extension for Metadata support for plex networking client, endpoint routing, failover, and transport helpers.",0,,Move diagnostic logger calls out from #if DEBUG unless surrounding code must be debug-only.,No obvious direct package test signal found by static name/content scan.,Matches architecture networking layer. Needs logging-policy review: logger calls appear inside #if DEBUG.,No print usage found. Public declarations appear documented by immediate doc comments.,high,0,7,0,0,0,7,7
Packages/EnsembleAPI/Sources/Client/PlexAPIClient+Playback.swift,EnsembleAPI,Package,Sources,"Plex networking client, endpoint routing, failover, and transport helpers",595,Foundation,extension PlexAPIClient,"Provides Plex APIClient extension for Playback support for plex networking client, endpoint routing, failover, and transport helpers.",2,L530: // MARK: - Legacy Playback URLs | L532: /// Generate streaming URL for a track (legacy direct file access).,Triage legacy/migration/deprecated markers before new work in this area. | Move diagnostic logger calls out from #if DEBUG unless surrounding code must be debug-only.,No obvious direct package test signal found by static name/content scan.,Matches architecture networking layer. Needs logging-policy review: logger calls appear inside #if DEBUG. Contains migration/legacy/cleanup markers for follow-up triage.,No print usage found. Public declarations appear documented by immediate doc comments.,high,0,36,0,0,0,10,10
Packages/EnsembleAPI/Sources/Client/PlexAPIClient+Playlists.swift,EnsembleAPI,Package,Sources,"Plex networking client, endpoint routing, failover, and transport helpers",148,Foundation,extension PlexAPIClient,"Provides Plex APIClient extension for Playlists support for plex networking client, endpoint routing, failover, and transport helpers.",0,,Move diagnostic logger calls out from #if DEBUG unless surrounding code must be debug-only.,No obvious direct package test signal found by static name/content scan.,Matches architecture networking layer. Needs logging-policy review: logger calls appear inside #if DEBUG.,No print usage found. Public declarations appear documented by immediate doc comments.,high,0,6,0,0,0,12,12
Packages/EnsembleAPI/Sources/Client/PlexAPIClient.swift,EnsembleAPI,Package,Sources,"Plex networking client, endpoint routing, failover, and transport helpers",1169,Foundation; UIKit,enum PlexAPIError; enum StreamingQuality; struct ProgressiveStreamConfig; enum StreamResolution; struct TranscodeDecisionResult; enum Decision; enum StreamDecision; struct TranscodeStreamDecision; struct PlexServerConnection; struct PlexLibrarySelection; struct PlexMetadataFieldUpdate; actor PlexAPIClient; enum DownloadQueueError; struct DownloadQueueEnvelope; struct DownloadQueueMediaContainer; struct DownloadQueueRecord,"Implements PlexAPIError, StreamingQuality, ProgressiveStreamConfig, StreamResolution for plex networking client, endpoint routing, failover, and transport helpers.",0,,Large file: audit for nested helpers or policy seams that can move to existing shared owners. | Move diagnostic logger calls out from #if DEBUG unless surrounding code must be debug-only.,"Obvious related tests: Packages/EnsembleAPI/Tests/PlexAPIClientFailoverPolicyTests.swift, Packages/EnsembleAPI/Tests/PlexAPIClientTests.swift, Packages/EnsembleCore/Tests/DownloadTransferExecutorTests.swift, Packages/EnsembleCore/Tests/MetadataMutationServiceTests.swift (+5 more).",Matches architecture networking layer. Needs logging-policy review: logger calls appear inside #if DEBUG.,No print usage found. Public API documentation appears incomplete (22/54 declarations with immediate doc comments). Large file; review cohesive type/extension boundaries over time.,high,0,69,0,0,0,54,22
Packages/EnsembleAPI/Sources/Client/PlexConnectionPolicy.swift,EnsembleAPI,Package,Sources,"Plex networking client, endpoint routing, failover, and transport helpers",211,Foundation,enum ConnectionSelectionPolicy; enum AllowInsecureConnectionsPolicy; enum PlexEndpointClass; struct PlexEndpointDescriptor; struct PlexEndpointOrderingResult; enum PlexEndpointPolicy; enum ConnectionProbeFailureCategory; struct ConnectionProbeResult; struct ConnectionSelectionResult; struct ConnectionRefreshResult; enum RefreshOutcome; enum NetworkReachabilityContext,"Implements ConnectionSelectionPolicy, AllowInsecureConnectionsPolicy, PlexEndpointClass, PlexEndpointDescriptor for plex networking client, endpoint routing, failover, and transport helpers.",0,,No immediate cleanup note from static scan; revisit when touching related behavior.,"Obvious related tests: Packages/EnsembleAPI/Tests/ConnectionFailoverManagerTests.swift, Packages/EnsembleCore/Tests/PlexAccountDiscoveryServiceTests.swift, Packages/EnsembleCore/Tests/ServerConnectionControllerTests.swift.",Matches architecture networking layer.,No print usage found. Public API documentation appears incomplete (6/39 declarations with immediate doc comments).,low,0,0,0,0,0,39,6
Packages/EnsembleAPI/Sources/Client/PlexErrorClassification.swift,EnsembleAPI,Package,Sources,"Plex networking client, endpoint routing, failover, and transport helpers",99,Foundation,enum PlexErrorClassification,"Implements PlexErrorClassification for plex networking client, endpoint routing, failover, and transport helpers.",0,,No immediate cleanup note from static scan; revisit when touching related behavior.,No obvious direct package test signal found by static name/content scan.,Matches architecture networking layer.,No print usage found. Public declarations appear documented by immediate doc comments.,low,0,0,0,0,0,4,4
Packages/EnsembleAPI/Sources/Client/PlexRequestBuilder.swift,EnsembleAPI,Package,Sources,"Plex networking client, endpoint routing, failover, and transport helpers",58,Foundation,struct PlexRequestHeaderContext; struct PlexRequestBuilder,"Implements PlexRequestHeaderContext, PlexRequestBuilder for plex networking client, endpoint routing, failover, and transport helpers.",0,,No immediate cleanup note from static scan; revisit when touching related behavior.,No obvious direct package test signal found by static name/content scan.,Matches architecture networking layer.,No print usage found. Naming/type structure generally follows Swift idioms from static inspection.,low,0,0,0,0,0,0,0
Packages/EnsembleAPI/Sources/Client/PlexWebSocketManager.swift,EnsembleAPI,Package,Sources,"Plex networking client, endpoint routing, failover, and transport helpers",473,Foundation; OSLog,enum PlexServerEvent; actor PlexWebSocketManager; struct PlexNotificationEnvelope; struct PlexNotificationContainer; struct PlexTimelineEntry; struct PlexActivityNotification; struct PlexActivityDetail; struct PlexReachabilityEntry; class WebSocketSessionDelegate,"Implements PlexServerEvent, PlexWebSocketManager, PlexNotificationEnvelope, PlexNotificationContainer for plex networking client, endpoint routing, failover, and transport helpers.",0,,Move diagnostic logger calls out from #if DEBUG unless surrounding code must be debug-only.,No obvious direct package test signal found by static name/content scan.,Matches architecture networking layer. Needs logging-policy review: logger calls appear inside #if DEBUG.,No print usage found. Public declarations appear documented by immediate doc comments.,high,0,6,0,0,0,7,7
Packages/EnsembleAPI/Sources/Client/ServerConnectionRegistry.swift,EnsembleAPI,Package,Sources,"Plex networking client, endpoint routing, failover, and transport helpers",118,Foundation; OSLog,enum EndpointUpdateSource; struct ServerEndpointState; actor ServerConnectionRegistry,"Implements EndpointUpdateSource, ServerEndpointState, ServerConnectionRegistry for plex networking client, endpoint routing, failover, and transport helpers.",0,,Move diagnostic logger calls out from #if DEBUG unless surrounding code must be debug-only.,"Obvious related tests: Packages/EnsembleCore/Tests/MusicSourceAccountDetailViewModelTests.swift, Packages/EnsembleCore/Tests/PlexWebSocketCoordinatorTests.swift, Packages/EnsembleCore/Tests/ServerConnectionControllerTests.swift.",Matches architecture networking layer. Needs logging-policy review: logger calls appear inside #if DEBUG.,No print usage found. Public API documentation appears incomplete (10/16 declarations with immediate doc comments).,low,0,1,0,0,0,16,10
Packages/EnsembleAPI/Sources/EnsembleAPI.swift,EnsembleAPI,Package,Sources,Networking package public exports and logging,8,,,Provides Ensemble API support for networking package public exports and logging.,0,,No immediate cleanup note from static scan; revisit when touching related behavior.,No obvious direct package test signal found by static name/content scan.,Matches architecture networking layer.,No print usage found. Naming/type structure generally follows Swift idioms from static inspection.,low,0,0,0,0,0,0,0
Packages/EnsembleAPI/Sources/EnsembleLogger.swift,EnsembleAPI,Package,Sources,Networking package public exports and logging,31,OSLog,enum EnsembleLogger,Implements EnsembleLogger for networking package public exports and logging.,0,,No immediate cleanup note from static scan; revisit when touching related behavior.,No obvious direct package test signal found by static name/content scan.,Matches architecture networking layer.,No print usage found. Public declarations appear documented by immediate doc comments.,low,0,0,0,0,0,1,1
Packages/EnsembleAPI/Sources/Models/PlexModels.swift,EnsembleAPI,Package,Sources,Plex API DTOs and decoding models,871,Foundation,struct PlexPIN; enum CodingKeys; struct PlexResourcesResponse; struct PlexDevice; struct PlexConnection; struct PlexMediaContainer; struct MediaContainerContent; enum CodingKeys; enum CodingKeys; struct PlexLibrarySection; struct PlexInventoryItem; struct PlexArtist; struct PlexAlbum; enum CodingKeys; struct PlexAlbumDetail; enum CodingKeys,"Implements PlexPIN, CodingKeys, PlexResourcesResponse, PlexDevice for plex api dtos and decoding models.",0,,Medium-large file: keep an eye on responsibility creep.,"Obvious related tests: Packages/EnsembleAPI/Tests/PlexAPIClientTests.swift, Packages/EnsembleCore/Tests/PlexAccountDiscoveryServiceTests.swift.",Matches architecture networking layer.,No print usage found. Public API documentation appears incomplete (14/280 declarations with immediate doc comments). Large file; review cohesive type/extension boundaries over time.,low,0,0,0,0,0,280,14
Packages/EnsembleAPI/Tests/ConnectionFailoverManagerTests.swift,EnsembleAPI,Package,Tests,Automated test coverage,360,XCTest,class ConnectionFailoverManagerTests; actor MockNetwork; enum Mode; actor DelayedHostNetwork; actor HostStatusNetwork,"Exercises ConnectionFailoverManagerTests, MockNetwork, Mode, DelayedHostNetwork behavior for regression coverage.",0,,No immediate cleanup note from static scan; revisit when touching related behavior.,This is a test file.,Aligned with testing skill by preserving package-level regression coverage.,No print usage found. Naming/type structure generally follows Swift idioms from static inspection.,low,0,0,0,0,0,0,0
Packages/EnsembleAPI/Tests/PlexAPIClientFailoverPolicyTests.swift,EnsembleAPI,Package,Tests,Automated test coverage,59,XCTest,class PlexAPIClientFailoverPolicyTests; class TestKeychain,"Exercises PlexAPIClientFailoverPolicyTests, TestKeychain behavior for regression coverage.",0,,No immediate cleanup note from static scan; revisit when touching related behavior.,This is a test file.,Aligned with testing skill by preserving package-level regression coverage.,No print usage found. Naming/type structure generally follows Swift idioms from static inspection.,low,0,0,0,0,0,0,0
Packages/EnsembleAPI/Tests/PlexAPIClientTests.swift,EnsembleAPI,Package,Tests,Automated test coverage,211,XCTest,class PlexAPIClientTests; class TestKeychain,"Exercises PlexAPIClientTests, TestKeychain behavior for regression coverage.",0,,No immediate cleanup note from static scan; revisit when touching related behavior.,This is a test file.,Aligned with testing skill by preserving package-level regression coverage.,No print usage found. Naming/type structure generally follows Swift idioms from static inspection.,low,0,0,0,0,0,0,0
Packages/EnsembleAPI/Tests/PlexAuthTokenLifecycleTests.swift,EnsembleAPI,Package,Tests,Automated test coverage,50,XCTest,class PlexAuthTokenLifecycleTests,Exercises PlexAuthTokenLifecycleTests behavior for regression coverage.,0,,No immediate cleanup note from static scan; revisit when touching related behavior.,This is a test file.,Aligned with testing skill by preserving package-level regression coverage.,No print usage found. Naming/type structure generally follows Swift idioms from static inspection.,low,0,0,0,0,0,0,0
Packages/EnsembleAPI/Tests/PlexPlaylistMutationModelsTests.swift,EnsembleAPI,Package,Tests,Automated test coverage,18,XCTest,class PlexPlaylistMutationModelsTests,Exercises PlexPlaylistMutationModelsTests behavior for regression coverage.,0,,No immediate cleanup note from static scan; revisit when touching related behavior.,This is a test file.,Aligned with testing skill by preserving package-level regression coverage.,No print usage found. Naming/type structure generally follows Swift idioms from static inspection.,low,0,0,0,0,0,0,0
Packages/EnsembleAPI/Tests/PlexResourcesSpecTests.swift,EnsembleAPI,Package,Tests,Automated test coverage,66,XCTest,class PlexResourcesSpecTests; class TestKeychain,"Exercises PlexResourcesSpecTests, TestKeychain behavior for regression coverage.",0,,No immediate cleanup note from static scan; revisit when touching related behavior.,This is a test file.,Aligned with testing skill by preserving package-level regression coverage.,No print usage found. Naming/type structure generally follows Swift idioms from static inspection.,low,0,0,0,0,0,0,0
Packages/EnsembleCore/Package.swift,EnsembleCore,Package,Package manifest,Swift package manifest and dependency/platform declaration,41,PackageDescription,,"Declares the EnsembleCore Swift package platforms, products, dependencies, targets, and tests.",0,,No immediate cleanup note from static scan; revisit when touching related behavior.,Covered indirectly by package build/test resolution.,Aligned with layered package architecture and iOS 15/macOS 12/watchOS 8 platform baseline.,No print usage found. Naming/type structure generally follows Swift idioms from static inspection.,low,0,0,0,0,0,0,0
Packages/EnsembleCore/Sources/DI/DependencyContainer.swift,EnsembleCore,Package,Sources,Dependency injection and cross-subsystem bootstrap wiring,1857,CloudKit; Combine; EnsembleAPI; EnsemblePersistence; Foundation; SwiftUI,class DependencyContainer; struct CoreBootstrap; struct NetworkBootstrap; struct SyncBootstrap; struct PlaybackBootstrap; struct MutationBootstrap; struct SiriBootstrap; struct DependencyContainerKey; extension EnvironmentValues,"Implements DependencyContainer, CoreBootstrap, NetworkBootstrap, SyncBootstrap for dependency injection and cross-subsystem bootstrap wiring.",1,L102: // MARK: - Legacy (kept for add-account flow),Large file: audit for nested helpers or policy seams that can move to existing shared owners. | Triage legacy/migration/deprecated markers before new work in this area.,Obvious related tests: Packages/EnsembleCore/Tests/DependencyContainerBootstrapStateTests.swift.,"Matches architecture business-logic layer. Contains migration/legacy/cleanup markers for follow-up triage. Oversized responsibility surface remains a skill-aligned cleanup candidate, not a behavior bug by itself.",No print usage found. Public API documentation appears incomplete (4/77 declarations with immediate doc comments). File size is far beyond common maintainability norms; prefer cohesive APIs and smaller responsibility boundaries.,medium,0,0,0,0,0,77,4
Packages/EnsembleCore/Sources/EnsembleCore.swift,EnsembleCore,Package,Sources,Core package public exports and logging,39,,enum AppOrientationNotifications; struct StageFlowRotationSupportChange,"Implements AppOrientationNotifications, StageFlowRotationSupportChange for core package public exports and logging.",0,,No immediate cleanup note from static scan; revisit when touching related behavior.,No obvious direct package test signal found by static name/content scan.,Matches architecture business-logic layer.,No print usage found. Public API documentation appears incomplete (2/6 declarations with immediate doc comments).,low,0,0,0,0,0,6,2
Packages/EnsembleCore/Sources/EnsembleLogger.swift,EnsembleCore,Package,Sources,Core package public exports and logging,62,OSLog,enum EnsembleStartupTiming; enum EnsembleLogger,"Implements EnsembleStartupTiming, EnsembleLogger for core package public exports and logging.",0,,Move diagnostic logger calls out from #if DEBUG unless surrounding code must be debug-only.,No obvious direct package test signal found by static name/content scan.,Matches architecture business-logic layer. Needs logging-policy review: logger calls appear inside #if DEBUG.,No print usage found. Public API documentation appears incomplete (1/2 declarations with immediate doc comments).,low,0,1,0,0,0,2,1
Packages/EnsembleCore/Sources/Models/ConnectionPolicy.swift,EnsembleCore,Package,Sources,"Domain models, mappers, source identity, filters, and app data contracts",33,EnsembleAPI; Foundation,extension AllowInsecureConnectionsPolicy,"Provides Connection Policy support for domain models, mappers, source identity, filters, and app data contracts.",0,,No immediate cleanup note from static scan; revisit when touching related behavior.,Obvious related tests: Packages/EnsembleCore/Tests/SettingsManagerConnectionPolicyTests.swift.,Matches architecture business-logic layer.,No print usage found. Naming/type structure generally follows Swift idioms from static inspection.,low,0,0,0,0,0,0,0
Packages/EnsembleCore/Sources/Models/DisplayPlaylist.swift,EnsembleCore,Package,Sources,"Domain models, mappers, source identity, filters, and app data contracts",161,Foundation,struct DisplayPlaylist,"Implements DisplayPlaylist for domain models, mappers, source identity, filters, and app data contracts.",0,,No immediate cleanup note from static scan; revisit when touching related behavior.,"Obvious related tests: Packages/EnsembleCore/Tests/MediaFormattersTests.swift, Packages/EnsembleCore/Tests/PlaylistMutationWorkflowTests.swift.",Matches architecture business-logic layer.,No print usage found. Public API documentation appears incomplete (12/17 declarations with immediate doc comments).,low,0,0,0,0,0,17,12
Packages/EnsembleCore/Sources/Models/DomainModels.swift,EnsembleCore,Package,Sources,"Domain models, mappers, source identity, filters, and app data contracts",902,Foundation,struct AudioFileInfo; struct Track; struct Album; extension String; struct Artist; struct ArtistDetail; struct AlbumDetail; struct Genre; struct Mood; struct Playlist; struct Server; struct ServerConnection; struct Library; struct Download; enum DownloadStatus; extension String,"Implements AudioFileInfo, Track, Album, Artist for domain models, mappers, source identity, filters, and app data contracts.",0,,Medium-large file: keep an eye on responsibility creep. | Move diagnostic logger calls out from #if DEBUG unless surrounding code must be debug-only.,"Obvious related tests: Packages/EnsembleAPI/Tests/PlexAPIClientTests.swift, Packages/EnsembleCore/Tests/DownloadMutationWorkflowTests.swift, Packages/EnsembleCore/Tests/DownloadTargetReconcilerTests.swift, Packages/EnsembleCore/Tests/DownloadTransferExecutorTests.swift (+39 more).",Matches architecture business-logic layer. Needs logging-policy review: logger calls appear inside #if DEBUG.,No print usage found. Public API documentation appears incomplete (13/183 declarations with immediate doc comments). Large file; review cohesive type/extension boundaries over time.,low,0,1,0,0,0,183,13
Packages/EnsembleCore/Sources/Models/FilterOptions.swift,EnsembleCore,Package,Sources,"Domain models, mappers, source identity, filters, and app data contracts",116,Foundation,enum SortDirection; struct FilterOptions; class FilterPersistence,"Implements SortDirection, FilterOptions, FilterPersistence for domain models, mappers, source identity, filters, and app data contracts.",0,,No immediate cleanup note from static scan; revisit when touching related behavior.,Obvious related tests: Packages/EnsembleCore/Tests/MediaFilterEngineTests.swift.,Matches architecture business-logic layer.,No print usage found. Public API documentation appears incomplete (3/15 declarations with immediate doc comments).,low,0,0,0,0,0,15,3
Packages/EnsembleCore/Sources/Models/LibraryVisibilityProfile.swift,EnsembleCore,Package,Sources,"Domain models, mappers, source identity, filters, and app data contracts",34,Foundation,struct LibraryVisibilityProfile,"Implements LibraryVisibilityProfile for domain models, mappers, source identity, filters, and app data contracts.",0,,No immediate cleanup note from static scan; revisit when touching related behavior.,Obvious related tests: Packages/EnsembleCore/Tests/LibraryVisibilityProfileTests.swift.,Matches architecture business-logic layer.,No print usage found. Public API documentation appears incomplete (1/7 declarations with immediate doc comments).,low,0,0,0,0,0,7,1
Packages/EnsembleCore/Sources/Models/MediaFormatters.swift,EnsembleCore,Package,Sources,"Domain models, mappers, source identity, filters, and app data contracts",43,Foundation,enum MediaFormatters,"Implements MediaFormatters for domain models, mappers, source identity, filters, and app data contracts.",0,,No immediate cleanup note from static scan; revisit when touching related behavior.,Obvious related tests: Packages/EnsembleCore/Tests/MediaFormattersTests.swift.,Matches architecture business-logic layer.,No print usage found. Public declarations appear documented by immediate doc comments.,low,0,0,0,0,0,1,1
Packages/EnsembleCore/Sources/Models/MediaSourceIdentity.swift,EnsembleCore,Package,Sources,"Domain models, mappers, source identity, filters, and app data contracts",51,Foundation,struct MediaSourceIdentity,"Implements MediaSourceIdentity for domain models, mappers, source identity, filters, and app data contracts.",0,,No immediate cleanup note from static scan; revisit when touching related behavior.,Obvious related tests: Packages/EnsembleCore/Tests/MediaSourceIdentityTests.swift.,Matches architecture business-logic layer.,No print usage found. Public API documentation appears incomplete (1/8 declarations with immediate doc comments).,low,0,0,0,0,0,8,1
Packages/EnsembleCore/Sources/Models/ModelMappers.swift,EnsembleCore,Package,Sources,"Domain models, mappers, source identity, filters, and app data contracts",608,EnsembleAPI; EnsemblePersistence; Foundation,extension AudioFileInfo; extension Track; extension Album; extension Artist; extension ArtistDetail; extension AlbumDetail; extension Genre; extension Playlist; extension Server; extension ServerConnection; extension Library; extension Download; extension HubItem; extension Hub; extension HubItem,"Provides Model Mappers support for domain models, mappers, source identity, filters, and app data contracts.",2,"L135: streamId: nil,  // Not stored in CoreData yet (would require migration) | L600: year: nil, // Year is not stored directly in HubItem, can be inferred from linked entities if we add them later",Medium-large file: keep an eye on responsibility creep. | Triage legacy/migration/deprecated markers before new work in this area.,No obvious direct package test signal found by static name/content scan.,Matches architecture business-logic layer. Contains migration/legacy/cleanup markers for follow-up triage.,No print usage found. Naming/type structure generally follows Swift idioms from static inspection.,medium,0,0,0,0,0,0,0
Packages/EnsembleCore/Sources/Models/MusicSource.swift,EnsembleCore,Package,Sources,"Domain models, mappers, source identity, filters, and app data contracts",90,Foundation,enum MusicSourceType; struct MusicSourceIdentifier; struct MusicSourceStatus; enum SyncStatus; extension MusicSourceStatus.SyncStatus; struct MusicSource,"Implements MusicSourceType, MusicSourceIdentifier, MusicSourceStatus, SyncStatus for domain models, mappers, source identity, filters, and app data contracts.",0,,No immediate cleanup note from static scan; revisit when touching related behavior.,"Obvious related tests: Packages/EnsembleCore/Tests/MediaSourceIdentityTests.swift, Packages/EnsembleCore/Tests/MusicSourceAccountDetailViewModelTests.swift, Packages/EnsembleCore/Tests/PlaylistRefreshControllerTests.swift, Packages/EnsembleCore/Tests/SyncCoordinatorNetworkHealthTests.swift (+2 more).",Matches architecture business-logic layer.,No print usage found. Public API documentation appears incomplete (4/23 declarations with immediate doc comments).,low,0,0,0,0,0,23,4
Packages/EnsembleCore/Sources/Models/NetworkModels.swift,EnsembleCore,Package,Sources,"Domain models, mappers, source identity, filters, and app data contracts",183,Foundation,enum NetworkState; enum NetworkType; enum ServerConnectionState; enum ServerConnectionFailureReason; enum StatusColor,"Implements NetworkState, NetworkType, ServerConnectionState, ServerConnectionFailureReason for domain models, mappers, source identity, filters, and app data contracts.",0,,No immediate cleanup note from static scan; revisit when touching related behavior.,Obvious related tests: Packages/EnsembleCore/Tests/ServerHealthCheckerClassificationTests.swift.,Matches architecture business-logic layer.,No print usage found. Public API documentation appears incomplete (11/13 declarations with immediate doc comments).,low,0,0,0,0,0,13,11
Packages/EnsembleCore/Sources/Models/PinnedItem.swift,EnsembleCore,Package,Sources,"Domain models, mappers, source identity, filters, and app data contracts",158,Combine; Foundation; SwiftUI,enum PinnedItemType; struct PinnedItem; class PinManager,"Implements PinnedItemType, PinnedItem, PinManager for domain models, mappers, source identity, filters, and app data contracts.",0,,No immediate cleanup note from static scan; revisit when touching related behavior.,"Obvious related tests: Packages/EnsembleCore/Tests/PinManagerSyncTests.swift, Packages/EnsembleCore/Tests/PinMutationWorkflowTests.swift.",Matches architecture business-logic layer.,No print usage found. Public API documentation appears incomplete (13/21 declarations with immediate doc comments).,low,0,0,0,0,0,21,13
Packages/EnsembleCore/Sources/Models/PlexAccountConfig.swift,EnsembleCore,Package,Sources,"Domain models, mappers, source identity, filters, and app data contracts",294,EnsembleAPI; Foundation,struct PlexAccountConfig; struct PlexServerConfig; enum CodingKeys; enum ConnectionClass; struct PlexConnectionConfig; struct PlexLibraryConfig; struct SyncableAccountCredential; struct SyncableServerCredential; struct SyncableLibraryRef,"Implements PlexAccountConfig, PlexServerConfig, CodingKeys, ConnectionClass for domain models, mappers, source identity, filters, and app data contracts.",0,,No immediate cleanup note from static scan; revisit when touching related behavior.,"Obvious related tests: Packages/EnsembleCore/Tests/AccountManagerAuthPolicyTests.swift, Packages/EnsembleCore/Tests/AccountManagerLibrarySyncTests.swift, Packages/EnsembleCore/Tests/AddPlexAccountViewModelTests.swift, Packages/EnsembleCore/Tests/HomeViewModelRefreshPolicyTests.swift (+10 more).",Matches architecture business-logic layer.,No print usage found. Public API documentation appears incomplete (6/64 declarations with immediate doc comments).,low,0,0,0,0,0,64,6
Packages/EnsembleCore/Sources/Models/SiriIntentPayload.swift,EnsembleCore,Package,Sources,"Domain models, mappers, source identity, filters, and app data contracts",161,Foundation,enum SiriMediaKind; struct SiriPlaybackRequestPayload; enum SiriPlaybackActivityCodec; enum SiriAffinityType; struct SiriAffinityRequestPayload; enum SiriAffinityActivityCodec; struct SiriAddToPlaylistRequestPayload; enum SiriAddToPlaylistActivityCodec,"Implements SiriMediaKind, SiriPlaybackRequestPayload, SiriPlaybackActivityCodec, SiriAffinityType for domain models, mappers, source identity, filters, and app data contracts.",0,,No immediate cleanup note from static scan; revisit when touching related behavior.,Obvious related tests: Packages/EnsembleCore/Tests/SiriIntentPayloadTests.swift.,Matches architecture business-logic layer.,No print usage found. Public API documentation appears incomplete (8/24 declarations with immediate doc comments).,low,0,0,0,0,0,24,8
Packages/EnsembleCore/Sources/Models/SiriMediaIndex.swift,EnsembleCore,Package,Sources,"Domain models, mappers, source identity, filters, and app data contracts",52,Foundation,struct SiriMediaIndex; struct SiriMediaIndexItem,"Implements SiriMediaIndex, SiriMediaIndexItem for domain models, mappers, source identity, filters, and app data contracts.",0,,No immediate cleanup note from static scan; revisit when touching related behavior.,No obvious direct package test signal found by static name/content scan.,Matches architecture business-logic layer.,No print usage found. Public API documentation appears incomplete (2/15 declarations with immediate doc comments).,low,0,0,0,0,0,15,2
Packages/EnsembleCore/Sources/Models/UserProfile.swift,EnsembleCore,Package,Sources,"Domain models, mappers, source identity, filters, and app data contracts",25,Foundation,struct UserProfile,"Implements UserProfile for domain models, mappers, source identity, filters, and app data contracts.",0,,No immediate cleanup note from static scan; revisit when touching related behavior.,Obvious related tests: Packages/EnsembleCore/Tests/UserProfileTests.swift.,Matches architecture business-logic layer.,No print usage found. Public API documentation appears incomplete (5/6 declarations with immediate doc comments).,low,0,0,0,0,0,6,5
Packages/EnsembleCore/Sources/Services/AccountManager.swift,EnsembleCore,Package,Sources,Business logic services and subsystem coordinators,792,Combine; EnsembleAPI; Foundation,class AccountManager; struct LibraryFlagEntry; struct ServerPlaylistCleanup; struct LibraryFlagApplicationResult,"Implements AccountManager, LibraryFlagEntry, ServerPlaylistCleanup, LibraryFlagApplicationResult for business logic services and subsystem coordinators.",4,"L176: /// Returns a change-set so callers can trigger cleanup and refresh side effects. | L674: // there is nothing to migrate, so mark the migration as satisfied and | L680: ""🔐 AccountManager: Marked auth migration v\(Self.authMigrationVersion) complete on fresh install"" | L686: ""🔐 AccountManager: Applying auth migration v\(Self.authMigrationVersion) (previous: \(previousVersion)); forcing re-login""",Medium-large file: keep an eye on responsibility creep. | Triage legacy/migration/deprecated markers before new work in this area.,"Obvious related tests: Packages/EnsembleCore/Tests/AccountManagerAuthPolicyTests.swift, Packages/EnsembleCore/Tests/AccountManagerLibrarySyncTests.swift, Packages/EnsembleCore/Tests/AddPlexAccountViewModelTests.swift, Packages/EnsembleCore/Tests/HomeViewModelRefreshPolicyTests.swift (+11 more).",Matches architecture business-logic layer. Contains migration/legacy/cleanup markers for follow-up triage.,No print usage found. Public API documentation appears incomplete (15/35 declarations with immediate doc comments). Large file; review cohesive type/extension boundaries over time.,medium,0,0,0,0,0,35,15
Packages/EnsembleCore/Sources/Services/AppBootstrapDiagnostics.swift,EnsembleCore,Package,Sources,Business logic services and subsystem coordinators,122,EnsembleAPI; Foundation,struct AppBootstrapAccountSummary; struct AppBootstrapSyncSummary; struct AppBootstrapPlaybackSummary; struct AppBootstrapSummary; class AppBootstrapDiagnostics; struct Dependencies,"Implements AppBootstrapAccountSummary, AppBootstrapSyncSummary, AppBootstrapPlaybackSummary, AppBootstrapSummary for business logic services and subsystem coordinators.",0,,No immediate cleanup note from static scan; revisit when touching related behavior.,Obvious related tests: Packages/EnsembleCore/Tests/AppBootstrapDiagnosticsTests.swift.,Matches architecture business-logic layer.,No print usage found. Naming/type structure generally follows Swift idioms from static inspection.,low,0,0,0,0,0,0,0
Packages/EnsembleCore/Sources/Services/ArtworkLoader.swift,EnsembleCore,Package,Sources,Business logic services and subsystem coordinators,509,EnsembleAPI; EnsemblePersistence; Foundation; Nuke,protocol ArtworkLoaderProtocol; class ArtworkLoader; actor ArtworkURLTracker; actor ArtworkLoadStats; actor URLCacheActor; struct Entry; enum ArtworkSize,"Implements ArtworkLoaderProtocol, ArtworkLoader, ArtworkURLTracker, ArtworkLoadStats for business logic services and subsystem coordinators.",1,L215: // This is a legacy pattern for UI components that can't wait for async.,Triage legacy/migration/deprecated markers before new work in this area. | Consider focused service tests if behavior changes; static scan found no obvious direct coverage.,No obvious direct package test signal found by static name/content scan.,Matches architecture business-logic layer. Contains migration/legacy/cleanup markers for follow-up triage.,No print usage found. Public API documentation appears incomplete (6/12 declarations with immediate doc comments).,medium,0,0,0,0,0,12,6
Packages/EnsembleCore/Sources/Services/AudioAnalyzer.swift,EnsembleCore,Package,Sources,Business logic services and subsystem coordinators,896,AVFoundation; Accelerate; Combine; Foundation; os,enum VisualizationConsumer; protocol AudioAnalyzerProtocol; struct FrequencySnapshot; struct FrequencyTimeline; struct FrequencyTimelinePersistence; enum FrequencyAnalysisError; class FrequencyAnalysisService,"Implements VisualizationConsumer, AudioAnalyzerProtocol, FrequencySnapshot, FrequencyTimeline for business logic services and subsystem coordinators.",2,"L867: /// Try opening a file using temporary symlinks with common audio extensions. | L869: /// with unrecognized extensions (e.g. "".audio"" from the stream cache) need this workaround.","Medium-large file: keep an eye on responsibility creep. | Triage legacy/migration/deprecated markers before new work in this area. | Move diagnostic logger calls out from #if DEBUG unless surrounding code must be debug-only. | Review detached tasks for cancellation, actor isolation, and priority against subsystem policy.","Obvious related tests: Packages/EnsembleCore/Tests/AudioAnalyzerTests.swift, Packages/EnsembleCore/Tests/NowPlayingViewModelFavoriteTests.swift, Packages/EnsembleCore/Tests/SiriPlaybackCoordinatorTests.swift.",Matches architecture business-logic layer. Needs logging-policy review: logger calls appear inside #if DEBUG. Contains migration/legacy/cleanup markers for follow-up triage.,"No print usage found. Public API documentation appears incomplete (8/27 declarations with immediate doc comments). Large file; review cohesive type/extension boundaries over time. Task.detached usage should retain explicit priority, cancellation, and actor-isolation reasoning.",high,0,17,3,0,0,27,8
Packages/EnsembleCore/Sources/Services/AudioPlaybackEngine.swift,EnsembleCore,Package,Sources,Business logic services and subsystem coordinators,1513,AVFoundation; AudioToolbox; Combine; QuartzCore,class AudioPlaybackEngine; struct TimeBase; enum AudioPlaybackEngineError,"Implements AudioPlaybackEngine, TimeBase, AudioPlaybackEngineError for business logic services and subsystem coordinators.",3,L423: // Legacy (iOS 17-18): models inside MediaPlaybackCore.framework | L439: // Also check subdirectories for the legacy path (iOS 17.4+ put models in subdirs) | L1487: // MARK: - Cleanup,Large file: audit for nested helpers or policy seams that can move to existing shared owners. | Triage legacy/migration/deprecated markers before new work in this area. | Move diagnostic logger calls out from #if DEBUG unless surrounding code must be debug-only.,Obvious related tests: Packages/EnsembleCore/Tests/PlaybackServiceTests.swift.,"Matches architecture business-logic layer. Needs logging-policy review: logger calls appear inside #if DEBUG. Contains migration/legacy/cleanup markers for follow-up triage. Oversized responsibility surface remains a skill-aligned cleanup candidate, not a behavior bug by itself.",No print usage found. Public API documentation appears incomplete (1/3 declarations with immediate doc comments). File size is far beyond common maintainability norms; prefer cohesive APIs and smaller responsibility boundaries.,medium,0,1,0,0,0,3,1
Packages/EnsembleCore/Sources/Services/BackgroundRefreshCoordinator.swift,EnsembleCore,Package,Sources,Business logic services and subsystem coordinators,233,Foundation,enum BackgroundRefreshKind; struct BackgroundRefreshResult; protocol BackgroundRefreshCoordinating; class BackgroundRefreshCoordinator,"Implements BackgroundRefreshKind, BackgroundRefreshResult, BackgroundRefreshCoordinating, BackgroundRefreshCoordinator for business logic services and subsystem coordinators.",0,,No immediate cleanup note from static scan; revisit when touching related behavior.,Obvious related tests: Packages/EnsembleCore/Tests/BackgroundRefreshCoordinatorTests.swift.,Matches architecture business-logic layer.,No print usage found. Public API documentation appears incomplete (1/16 declarations with immediate doc comments).,low,0,0,0,0,0,16,1
Packages/EnsembleCore/Sources/Services/BackgroundSyncScheduler.swift,EnsembleCore,Package,Sources,Business logic services and subsystem coordinators,58,BackgroundTasks; Foundation; UIKit,class BackgroundSyncScheduler,Implements BackgroundSyncScheduler for business logic services and subsystem coordinators.,0,,Consider focused service tests if behavior changes; static scan found no obvious direct coverage.,No obvious direct package test signal found by static name/content scan.,Matches architecture business-logic layer.,No print usage found. Public API documentation appears incomplete (1/3 declarations with immediate doc comments).,low,0,0,0,0,0,3,1
Packages/EnsembleCore/Sources/Services/CacheManager.swift,EnsembleCore,Package,Sources,Business logic services and subsystem coordinators,213,EnsemblePersistence; Foundation,enum CacheType; struct CacheInfo; class CacheManager,"Implements CacheType, CacheInfo, CacheManager for business logic services and subsystem coordinators.",0,,Consider focused service tests if behavior changes; static scan found no obvious direct coverage.,No obvious direct package test signal found by static name/content scan.,Matches architecture business-logic layer.,No print usage found. Public API documentation appears incomplete (5/14 declarations with immediate doc comments).,low,0,0,0,0,0,14,5
Packages/EnsembleCore/Sources/Services/CloudSyncService.swift,EnsembleCore,Package,Sources,Business logic services and subsystem coordinators,368,CloudKit; Foundation,actor CloudSyncService; enum ProfileTransportState; enum ProfileField,"Implements CloudSyncService, ProfileTransportState, ProfileField for business logic services and subsystem coordinators.",0,,Consider focused service tests if behavior changes; static scan found no obvious direct coverage.,No obvious direct package test signal found by static name/content scan.,Matches architecture business-logic layer.,No print usage found. Public API documentation appears incomplete (10/13 declarations with immediate doc comments).,low,0,0,0,0,0,13,10
Packages/EnsembleCore/Sources/Services/DownloadMutationWorkflow.swift,EnsembleCore,Package,Sources,Business logic services and subsystem coordinators,99,Foundation,protocol DownloadMutationWorkflowMutating; extension OfflineDownloadService; struct DownloadMutationWorkflowResult; class DownloadMutationWorkflow,"Implements DownloadMutationWorkflowMutating, DownloadMutationWorkflowResult, DownloadMutationWorkflow for business logic services and subsystem coordinators.",0,,No immediate cleanup note from static scan; revisit when touching related behavior.,Obvious related tests: Packages/EnsembleCore/Tests/DownloadMutationWorkflowTests.swift.,Matches architecture business-logic layer.,No print usage found. Public API documentation appears incomplete (0/15 declarations with immediate doc comments).,low,0,0,0,0,0,15,0
Packages/EnsembleCore/Sources/Services/DownloadQueueCoordinator.swift,EnsembleCore,Package,Sources,Business logic services and subsystem coordinators,124,Foundation,class DownloadQueueCoordinator; struct Dependencies,"Implements DownloadQueueCoordinator, Dependencies for business logic services and subsystem coordinators.",0,,No immediate cleanup note from static scan; revisit when touching related behavior.,Obvious related tests: Packages/EnsembleCore/Tests/DownloadQueueCoordinatorTests.swift.,Matches architecture business-logic layer.,No print usage found. Naming/type structure generally follows Swift idioms from static inspection.,low,0,0,0,0,0,0,0
Packages/EnsembleCore/Sources/Services/DownloadRetryPolicy.swift,EnsembleCore,Package,Sources,Business logic services and subsystem coordinators,123,Foundation,class DownloadRetryPolicy; struct DirectFallbackRequest; enum DirectFallbackDecision; struct FailureContext; enum FailureResolution,"Implements DownloadRetryPolicy, DirectFallbackRequest, DirectFallbackDecision, FailureContext for business logic services and subsystem coordinators.",0,,No immediate cleanup note from static scan; revisit when touching related behavior.,Obvious related tests: Packages/EnsembleCore/Tests/DownloadRetryPolicyTests.swift.,Matches architecture business-logic layer.,No print usage found. Naming/type structure generally follows Swift idioms from static inspection.,low,0,0,0,0,0,0,0
Packages/EnsembleCore/Sources/Services/DownloadTargetReconciler.swift,EnsembleCore,Package,Sources,Business logic services and subsystem coordinators,130,EnsemblePersistence; Foundation,class DownloadTargetReconciler; struct TargetDescriptor; struct ReconcileResult; struct Dependencies,"Implements DownloadTargetReconciler, TargetDescriptor, ReconcileResult, Dependencies for business logic services and subsystem coordinators.",1,L6: /// type owns the membership + orphan-cleanup algorithm.,Triage legacy/migration/deprecated markers before new work in this area.,Obvious related tests: Packages/EnsembleCore/Tests/DownloadTargetReconcilerTests.swift.,Matches architecture business-logic layer. Contains migration/legacy/cleanup markers for follow-up triage.,No print usage found. Naming/type structure generally follows Swift idioms from static inspection.,medium,0,0,0,0,0,0,0
Packages/EnsembleCore/Sources/Services/DownloadTransferExecutor.swift,EnsembleCore,Package,Sources,Business logic services and subsystem coordinators,576,AVFoundation; CoreData; EnsembleAPI; EnsemblePersistence; Foundation,enum DownloadProcessingError; enum DownloadTransferError; struct DownloadTransferContext; struct DownloadTransferResult; struct DownloadTransferExecutionError; class DownloadTransferExecutor; struct Dependencies,"Implements DownloadProcessingError, DownloadTransferError, DownloadTransferContext, DownloadTransferResult for business logic services and subsystem coordinators.",1,L359: /// Downloads a URL to a temporary file while periodically reporting progress to CoreData.,"Triage legacy/migration/deprecated markers before new work in this area. | Move diagnostic logger calls out from #if DEBUG unless surrounding code must be debug-only. | Review detached tasks for cancellation, actor isolation, and priority against subsystem policy.",Obvious related tests: Packages/EnsembleCore/Tests/DownloadTransferExecutorTests.swift.,Matches architecture business-logic layer. Needs logging-policy review: logger calls appear inside #if DEBUG. Contains migration/legacy/cleanup markers for follow-up triage.,"No print usage found. Task.detached usage should retain explicit priority, cancellation, and actor-isolation reasoning.",medium,0,2,1,0,0,0,0
Packages/EnsembleCore/Sources/Services/HomeHubLoader.swift,EnsembleCore,Package,Sources,Business logic services and subsystem coordinators,654,EnsembleAPI; Foundation,struct HomeHubSnapshotMetadata; struct HomeHubSnapshot; protocol HomeHubLoaderProtocol; class HomeHubLoader; struct SourceContext; struct FetchTask,"Implements HomeHubSnapshotMetadata, HomeHubSnapshot, HomeHubLoaderProtocol, HomeHubLoader for business logic services and subsystem coordinators.",0,,"Medium-large file: keep an eye on responsibility creep. | Review detached tasks for cancellation, actor isolation, and priority against subsystem policy.",Obvious related tests: Packages/EnsembleCore/Tests/HomeViewModelRefreshPolicyTests.swift.,Matches architecture business-logic layer.,"No print usage found. Public API documentation appears incomplete (3/22 declarations with immediate doc comments). Task.detached usage should retain explicit priority, cancellation, and actor-isolation reasoning.",low,0,0,1,0,0,22,3
Packages/EnsembleCore/Sources/Services/HubOrderManager.swift,EnsembleCore,Package,Sources,Business logic services and subsystem coordinators,144,Foundation,class HubOrderManager,Implements HubOrderManager for business logic services and subsystem coordinators.,0,,Consider focused service tests if behavior changes; static scan found no obvious direct coverage.,No obvious direct package test signal found by static name/content scan.,Matches architecture business-logic layer.,No print usage found. Public API documentation appears incomplete (8/9 declarations with immediate doc comments).,low,0,0,0,0,0,9,8
Packages/EnsembleCore/Sources/Services/HubRepository.swift,EnsembleCore,Package,Sources,Business logic services and subsystem coordinators,309,CoreData; EnsemblePersistence; Foundation,enum HomeFeedSnapshotFreshnessState; struct HomeFeedCachedSnapshot; protocol HubRepositoryProtocol; class HubRepository; extension HomeFeedCachedSnapshot,"Implements HomeFeedSnapshotFreshnessState, HomeFeedCachedSnapshot, HubRepositoryProtocol, HubRepository for business logic services and subsystem coordinators.",0,,No immediate cleanup note from static scan; revisit when touching related behavior.,"Obvious related tests: Packages/EnsembleCore/Tests/HomeViewModelRefreshPolicyTests.swift, Packages/EnsembleCore/Tests/HubRepositorySnapshotTests.swift.",Matches architecture business-logic layer.,No print usage found. Public API documentation appears incomplete (0/23 declarations with immediate doc comments).,low,0,0,0,0,0,23,0
Packages/EnsembleCore/Sources/Services/InstrumentalModeCapability.swift,EnsembleCore,Package,Sources,Business logic services and subsystem coordinators,21,AVFoundation; AudioToolbox,enum InstrumentalModeCapability,Implements InstrumentalModeCapability for business logic services and subsystem coordinators.,0,,Consider focused service tests if behavior changes; static scan found no obvious direct coverage.,No obvious direct package test signal found by static name/content scan.,Matches architecture business-logic layer.,No print usage found. Public declarations appear documented by immediate doc comments.,low,0,0,0,0,0,1,1
Packages/EnsembleCore/Sources/Services/KVSSyncService.swift,EnsembleCore,Package,Sources,Business logic services and subsystem coordinators,253,Combine; Foundation,class KVSSyncService; enum InitialSyncState; enum KVSKey,"Implements KVSSyncService, InitialSyncState, KVSKey for business logic services and subsystem coordinators.",0,,Consider focused service tests if behavior changes; static scan found no obvious direct coverage.,No obvious direct package test signal found by static name/content scan.,Matches architecture business-logic layer.,No print usage found. Public API documentation appears incomplete (9/16 declarations with immediate doc comments).,low,0,0,0,0,0,16,9
Packages/EnsembleCore/Sources/Services/LibraryVisibilityStore.swift,EnsembleCore,Package,Sources,Business logic services and subsystem coordinators,153,Combine; Foundation,class LibraryVisibilityStore,Implements LibraryVisibilityStore for business logic services and subsystem coordinators.,0,,No immediate cleanup note from static scan; revisit when touching related behavior.,Obvious related tests: Packages/EnsembleCore/Tests/LibraryVisibilityProfileTests.swift.,Matches architecture business-logic layer.,No print usage found. Public API documentation appears incomplete (0/11 declarations with immediate doc comments).,low,0,0,0,0,0,11,0
Packages/EnsembleCore/Sources/Services/LocalNetworkPermissionProbe.swift,EnsembleCore,Package,Sources,Business logic services and subsystem coordinators,72,Foundation; Network,enum LocalNetworkPermissionProbe; actor ResumeGate,"Implements LocalNetworkPermissionProbe, ResumeGate for business logic services and subsystem coordinators.",0,,Consider focused service tests if behavior changes; static scan found no obvious direct coverage.,No obvious direct package test signal found by static name/content scan.,Matches architecture business-logic layer.,No print usage found. Public declarations appear documented by immediate doc comments.,low,0,0,0,0,0,1,1
Packages/EnsembleCore/Sources/Services/LyricsService.swift,EnsembleCore,Package,Sources,Business logic services and subsystem coordinators,604,Combine; EnsembleAPI; EnsemblePersistence; Foundation,struct LyricsLine; struct ParsedLyrics; enum LyricsSource; enum LyricsState; enum LRCParser; class LyricsService,"Implements LyricsLine, ParsedLyrics, LyricsSource, LyricsState for business logic services and subsystem coordinators.",1,L505: // MARK: - Cache Cleanup,"Medium-large file: keep an eye on responsibility creep. | Triage legacy/migration/deprecated markers before new work in this area. | Review detached tasks for cancellation, actor isolation, and priority against subsystem policy.","Obvious related tests: Packages/EnsembleCore/Tests/LyricsServiceTests.swift, Packages/EnsembleCore/Tests/NowPlayingViewModelFavoriteTests.swift, Packages/EnsembleCore/Tests/OfflineDownloadServicePolicyTests.swift.",Matches architecture business-logic layer. Contains migration/legacy/cleanup markers for follow-up triage.,"No print usage found. Public API documentation appears incomplete (16/23 declarations with immediate doc comments). Task.detached usage should retain explicit priority, cancellation, and actor-isolation reasoning.",medium,0,0,1,0,0,23,16
Packages/EnsembleCore/Sources/Services/MediaFilterEngine.swift,EnsembleCore,Package,Sources,Business logic services and subsystem coordinators,222,Foundation,struct MediaFilterEngine; enum TrackSearchField; struct TrackConfiguration; enum AlbumSearchField; struct AlbumConfiguration,"Implements MediaFilterEngine, TrackSearchField, TrackConfiguration, AlbumSearchField for business logic services and subsystem coordinators.",0,,No immediate cleanup note from static scan; revisit when touching related behavior.,Obvious related tests: Packages/EnsembleCore/Tests/MediaFilterEngineTests.swift.,Matches architecture business-logic layer.,No print usage found. Public API documentation appears incomplete (1/18 declarations with immediate doc comments).,low,0,0,0,0,0,18,1
Packages/EnsembleCore/Sources/Services/MetadataMutationService.swift,EnsembleCore,Package,Sources,Business logic services and subsystem coordinators,337,EnsembleAPI; EnsemblePersistence; Foundation,protocol MetadataMutationClient; extension PlexAPIClient; enum MetadataMutationError; struct MetadataEditRequest; class MetadataMutationService; struct SourceContext,"Implements MetadataMutationClient, MetadataMutationError, MetadataEditRequest, MetadataMutationService for business logic services and subsystem coordinators.",0,,No immediate cleanup note from static scan; revisit when touching related behavior.,"Obvious related tests: Packages/EnsembleCore/Tests/MetadataMutationServiceTests.swift, Packages/EnsembleCore/Tests/MetadataMutationWorkflowTests.swift.",Matches architecture business-logic layer.,No print usage found. Public API documentation appears incomplete (0/16 declarations with immediate doc comments).,low,0,0,0,0,0,16,0
Packages/EnsembleCore/Sources/Services/MetadataMutationWorkflow.swift,EnsembleCore,Package,Sources,Business logic services and subsystem coordinators,200,Foundation,protocol MetadataMutationWorkflowMutating; extension MetadataMutationService; struct MetadataMutationToastScope; struct MetadataMutationWorkflowResult; class MetadataMutationWorkflow; enum Icon,"Implements MetadataMutationWorkflowMutating, MetadataMutationToastScope, MetadataMutationWorkflowResult, MetadataMutationWorkflow for business logic services and subsystem coordinators.",0,,No immediate cleanup note from static scan; revisit when touching related behavior.,"Obvious related tests: Packages/EnsembleCore/Tests/MetadataMutationWorkflowTests.swift, Packages/EnsembleUI/Tests/EnsembleUITests.swift.",Matches architecture business-logic layer.,No print usage found. Public API documentation appears incomplete (0/16 declarations with immediate doc comments).,low,0,0,0,0,0,16,0
Packages/EnsembleCore/Sources/Services/MoodRepository.swift,EnsembleCore,Package,Sources,Business logic services and subsystem coordinators,96,EnsemblePersistence; Foundation,protocol MoodRepositoryProtocol; class MoodRepository; extension Mood,"Implements MoodRepositoryProtocol, MoodRepository for business logic services and subsystem coordinators.",0,,Consider focused service tests if behavior changes; static scan found no obvious direct coverage.,No obvious direct package test signal found by static name/content scan.,Matches architecture business-logic layer.,No print usage found. Public API documentation appears incomplete (2/6 declarations with immediate doc comments).,low,0,0,0,0,0,6,2
Packages/EnsembleCore/Sources/Services/MusicSourceSyncProvider.swift,EnsembleCore,Package,Sources,Business logic services and subsystem coordinators,141,EnsembleAPI; EnsemblePersistence; Foundation,struct LibrarySyncResult; struct PlaylistSyncResult; protocol MusicSourceSyncProvider; extension MusicSourceSyncProvider,"Implements LibrarySyncResult, PlaylistSyncResult, MusicSourceSyncProvider for business logic services and subsystem coordinators.",1,"L106: /// Reset any temporary fallback state for stream URL generation (e.g., universal endpoint cooldown).",Triage legacy/migration/deprecated markers before new work in this area.,"Obvious related tests: Packages/EnsembleCore/Tests/PlaylistRefreshControllerTests.swift, Packages/EnsembleCore/Tests/SyncCoordinatorNetworkHealthTests.swift, Packages/EnsembleCore/Tests/SyncCoordinatorStartupRepairTests.swift, Packages/EnsembleCore/Tests/WebSocketSyncControllerTests.swift.",Matches architecture business-logic layer. Contains migration/legacy/cleanup markers for follow-up triage.,No print usage found. Public API documentation appears incomplete (1/22 declarations with immediate doc comments).,medium,0,0,0,0,0,22,1
Packages/EnsembleCore/Sources/Services/MutationCoordinator.swift,EnsembleCore,Package,Sources,Business logic services and subsystem coordinators,650,Combine; EnsembleAPI; EnsemblePersistence; Foundation,enum MutationOutcome; enum MutationError; struct TrackRatingMutationPayload; struct PlaylistMutationPayload; struct PlaylistRenameMutationPayload; struct PlaylistDeleteMutationPayload; struct ScrobbleMutationPayload; class MutationCoordinator,"Implements MutationOutcome, MutationError, TrackRatingMutationPayload, PlaylistMutationPayload for business logic services and subsystem coordinators.",0,,Medium-large file: keep an eye on responsibility creep.,"Obvious related tests: Packages/EnsembleCore/Tests/PlaylistMutationWorkflowTests.swift, Packages/EnsembleCore/Tests/TrackRatingMutationWorkflowTests.swift.",Matches architecture business-logic layer.,No print usage found. Public API documentation appears incomplete (15/41 declarations with immediate doc comments).,low,0,0,0,0,0,41,15
Packages/EnsembleCore/Sources/Services/NavigationCoordinator.swift,EnsembleCore,Package,Sources,Business logic services and subsystem coordinators,280,Combine; SwiftUI,class NavigationCoordinator; enum AuxiliaryPresentation; struct AuxiliaryWindowRequest; enum Destination; struct PendingNavigation,"Implements NavigationCoordinator, AuxiliaryPresentation, AuxiliaryWindowRequest, Destination for business logic services and subsystem coordinators.",2,L220: /// Open the profile sheet/window (replaces legacy openSettings) | L225: /// Legacy alias — routes to openProfile(),Triage legacy/migration/deprecated markers before new work in this area.,"Obvious related tests: Packages/EnsembleCore/Tests/NavigationCoordinatorTests.swift, Packages/EnsembleCore/Tests/NowPlayingViewModelFavoriteTests.swift, Packages/EnsembleUI/Tests/NavigationRootHelperTests.swift.",Matches architecture business-logic layer. Contains migration/legacy/cleanup markers for follow-up triage.,No print usage found. Public API documentation appears incomplete (11/30 declarations with immediate doc comments).,medium,0,0,0,0,0,30,11
Packages/EnsembleCore/Sources/Services/NetworkLifecycleController.swift,EnsembleCore,Package,Sources,Business logic services and subsystem coordinators,143,Foundation,class NetworkLifecycleController; enum NetworkTransition; struct ForegroundDecision; struct ObservedDecision,"Implements NetworkLifecycleController, NetworkTransition, ForegroundDecision, ObservedDecision for business logic services and subsystem coordinators.",0,,No immediate cleanup note from static scan; revisit when touching related behavior.,Obvious related tests: Packages/EnsembleCore/Tests/NetworkLifecycleControllerTests.swift.,Matches architecture business-logic layer.,No print usage found. Naming/type structure generally follows Swift idioms from static inspection.,low,0,0,0,0,0,0,0
Packages/EnsembleCore/Sources/Services/NetworkMonitor.swift,EnsembleCore,Package,Sources,Business logic services and subsystem coordinators,267,Combine; Foundation; Network,protocol NetworkPathMonitoring; class SystemNetworkPathMonitor; class NetworkMonitor,"Implements NetworkPathMonitoring, SystemNetworkPathMonitor, NetworkMonitor for business logic services and subsystem coordinators.",0,,Move diagnostic logger calls out from #if DEBUG unless surrounding code must be debug-only.,"Obvious related tests: Packages/EnsembleCore/Tests/AddPlexAccountViewModelTests.swift, Packages/EnsembleCore/Tests/HomeViewModelRefreshPolicyTests.swift, Packages/EnsembleCore/Tests/MusicSourceAccountDetailViewModelTests.swift, Packages/EnsembleCore/Tests/NetworkMonitorTests.swift (+8 more).",Matches architecture business-logic layer. Needs logging-policy review: logger calls appear inside #if DEBUG.,No print usage found. Public API documentation appears incomplete (4/5 declarations with immediate doc comments).,low,0,2,0,0,0,5,4
Packages/EnsembleCore/Sources/Services/OfflineBackgroundExecutionCoordinator.swift,EnsembleCore,Package,Sources,Business logic services and subsystem coordinators,365,AppKit; BackgroundTasks; Foundation; UIKit,protocol OfflineDownloadBackgroundCoordinating; class OfflineDownloadBackgroundEventStore; class OfflineBackgroundExecutionCoordinator; class OfflineBackgroundExecutionCoordinator; class OfflineBackgroundExecutionCoordinator,"Implements OfflineDownloadBackgroundCoordinating, OfflineDownloadBackgroundEventStore, OfflineBackgroundExecutionCoordinator, OfflineBackgroundExecutionCoordinator for business logic services and subsystem coordinators.",0,,No immediate cleanup note from static scan; revisit when touching related behavior.,"Obvious related tests: Packages/EnsembleCore/Tests/OfflineDownloadBackgroundCoordinatorTests.swift, Packages/EnsembleCore/Tests/OfflineDownloadServicePolicyTests.swift.",Matches architecture business-logic layer.,No print usage found. Public API documentation appears incomplete (0/46 declarations with immediate doc comments).,low,0,0,0,0,0,46,0
Packages/EnsembleCore/Sources/Services/OfflineDownloadCleanupCoordinator.swift,EnsembleCore,Package,Sources,Business logic services and subsystem coordinators,50,EnsemblePersistence; Foundation,class OfflineDownloadCleanupCoordinator; struct Dependencies,"Implements OfflineDownloadCleanupCoordinator, Dependencies for business logic services and subsystem coordinators.",1,L4: /// Owns best-effort cleanup for completed downloads that no longer belong to any,Triage legacy/migration/deprecated markers before new work in this area.,Obvious related tests: Packages/EnsembleCore/Tests/OfflineDownloadCleanupCoordinatorTests.swift.,Matches architecture business-logic layer. Contains migration/legacy/cleanup markers for follow-up triage.,No print usage found. Naming/type structure generally follows Swift idioms from static inspection.,medium,0,0,0,0,0,0,0
Packages/EnsembleCore/Sources/Services/OfflineDownloadNotificationBridge.swift,EnsembleCore,Package,Sources,Business logic services and subsystem coordinators,62,Foundation,class OfflineDownloadNotificationBridge; struct Dependencies,"Implements OfflineDownloadNotificationBridge, Dependencies for business logic services and subsystem coordinators.",0,,No immediate cleanup note from static scan; revisit when touching related behavior.,Obvious related tests: Packages/EnsembleCore/Tests/OfflineDownloadNotificationBridgeTests.swift.,Matches architecture business-logic layer.,No print usage found. Naming/type structure generally follows Swift idioms from static inspection.,low,0,0,0,0,0,0,0
Packages/EnsembleCore/Sources/Services/OfflineDownloadService.swift,EnsembleCore,Package,Sources,Business logic services and subsystem coordinators,1960,AVFoundation; Combine; EnsembleAPI; EnsemblePersistence; Foundation,struct OfflineDownloadTargetSnapshot; struct OfflineDownloadQualityRefreshResult; struct OfflineDownloadHealingSummary; enum QueueStatusReason; struct RemovalProgress; enum DownloadWorkMode; enum OfflineDownloadRecoveryReason; class OfflineDownloadService; actor SidecarAnalysisQueue,"Implements OfflineDownloadTargetSnapshot, OfflineDownloadQualityRefreshResult, OfflineDownloadHealingSummary, QueueStatusReason for business logic services and subsystem coordinators.",4,"L114: /// Per-target removal progress — keyed by target key, shown in DownloadsView during cleanup | L290: // Clean up legacy keys from the old transcode blacklist approach. | L692: // stale (non-zero) values and skipping the file cleanup. | L709: // Reference-counted cleanup: remove track files that no other target references.","Large file: audit for nested helpers or policy seams that can move to existing shared owners. | Triage legacy/migration/deprecated markers before new work in this area. | Move diagnostic logger calls out from #if DEBUG unless surrounding code must be debug-only. | Review detached tasks for cancellation, actor isolation, and priority against subsystem policy.","Obvious related tests: Packages/EnsembleCore/Tests/AppBootstrapDiagnosticsTests.swift, Packages/EnsembleCore/Tests/OfflineDownloadServicePolicyTests.swift.","Matches architecture business-logic layer. Needs logging-policy review: logger calls appear inside #if DEBUG. Contains migration/legacy/cleanup markers for follow-up triage. Oversized responsibility surface remains a skill-aligned cleanup candidate, not a behavior bug by itself.","No print usage found. Public API documentation appears incomplete (20/58 declarations with immediate doc comments). File size is far beyond common maintainability norms; prefer cohesive APIs and smaller responsibility boundaries. Task.detached usage should retain explicit priority, cancellation, and actor-isolation reasoning.",medium,0,3,3,0,0,58,20
Packages/EnsembleCore/Sources/Services/PeriodicSyncController.swift,EnsembleCore,Package,Sources,Business logic services and subsystem coordinators,82,Foundation,class PeriodicSyncController; protocol PeriodicSyncTimer; class FoundationPeriodicSyncTimer,"Implements PeriodicSyncController, PeriodicSyncTimer, FoundationPeriodicSyncTimer for business logic services and subsystem coordinators.",0,,No immediate cleanup note from static scan; revisit when touching related behavior.,Obvious related tests: Packages/EnsembleCore/Tests/PeriodicSyncControllerTests.swift.,Matches architecture business-logic layer.,No print usage found. Naming/type structure generally follows Swift idioms from static inspection.,low,0,0,0,0,0,0,0
Packages/EnsembleCore/Sources/Services/PersistentLogService.swift,EnsembleCore,Package,Sources,Business logic services and subsystem coordinators,405,EnsembleAPI; EnsemblePersistence; Foundation; OSLog,struct LogSession; class PersistentLogService; class LogFileWriter; class PersistentLogService,"Implements LogSession, PersistentLogService, LogFileWriter, PersistentLogService for business logic services and subsystem coordinators.",0,,Consider focused service tests if behavior changes; static scan found no obvious direct coverage.,No obvious direct package test signal found by static name/content scan.,Matches architecture business-logic layer.,No print usage found. Public API documentation appears incomplete (10/26 declarations with immediate doc comments).,low,0,0,0,0,0,26,10
Packages/EnsembleCore/Sources/Services/PinMutationWorkflow.swift,EnsembleCore,Package,Sources,Business logic services and subsystem coordinators,95,Foundation,struct PinMutationWorkflowResult; class PinMutationWorkflow,"Implements PinMutationWorkflowResult, PinMutationWorkflow for business logic services and subsystem coordinators.",0,,No immediate cleanup note from static scan; revisit when touching related behavior.,Obvious related tests: Packages/EnsembleCore/Tests/PinMutationWorkflowTests.swift.,Matches architecture business-logic layer.,No print usage found. Public API documentation appears incomplete (0/15 declarations with immediate doc comments).,low,0,0,0,0,0,15,0
Packages/EnsembleCore/Sources/Services/PlaybackAudioSessionCoordinator.swift,EnsembleCore,Package,Sources,Business logic services and subsystem coordinators,158,AVFoundation; Foundation,class PlaybackAudioSessionCoordinator,Implements PlaybackAudioSessionCoordinator for business logic services and subsystem coordinators.,0,,No immediate cleanup note from static scan; revisit when touching related behavior.,Obvious related tests: Packages/EnsembleCore/Tests/PlaybackAudioSessionCoordinatorTests.swift.,Matches architecture business-logic layer.,No print usage found. Naming/type structure generally follows Swift idioms from static inspection.,low,0,0,0,0,0,0,0
Packages/EnsembleCore/Sources/Services/PlaybackHandoffCoordinator.swift,EnsembleCore,Package,Sources,Business logic services and subsystem coordinators,460,Foundation,struct PlaybackHandoffCoordinator; enum SignalCategory; enum PauseReason; enum CommandSource; enum RouteEventReason; enum Signal; enum RouteTransitionState; enum InterruptionState; struct State; enum Action; struct Outcome,"Implements PlaybackHandoffCoordinator, SignalCategory, PauseReason, CommandSource for business logic services and subsystem coordinators.",0,,No immediate cleanup note from static scan; revisit when touching related behavior.,"Obvious related tests: Packages/EnsembleCore/Tests/PlaybackHandoffCoordinatorTests.swift, Packages/EnsembleCore/Tests/PlaybackServiceTests.swift.",Matches architecture business-logic layer.,No print usage found. Naming/type structure generally follows Swift idioms from static inspection.,low,0,0,0,0,0,0,0
Packages/EnsembleCore/Sources/Services/PlaybackLaunchCoordinator.swift,EnsembleCore,Package,Sources,Business logic services and subsystem coordinators,79,Foundation,class PlaybackLaunchCoordinator; struct VisualizerPlan; struct Dependencies,"Implements PlaybackLaunchCoordinator, VisualizerPlan, Dependencies for business logic services and subsystem coordinators.",0,,No immediate cleanup note from static scan; revisit when touching related behavior.,Obvious related tests: Packages/EnsembleCore/Tests/PlaybackLaunchCoordinatorTests.swift.,Matches architecture business-logic layer.,No print usage found. Naming/type structure generally follows Swift idioms from static inspection.,low,0,0,0,0,0,0,0
Packages/EnsembleCore/Sources/Services/PlaybackNowPlayingBridge.swift,EnsembleCore,Package,Sources,Business logic services and subsystem coordinators,293,Foundation; MediaPlayer; Nuke,struct PlaybackNowPlayingCommandHandlers; struct PlaybackNowPlayingState; class PlaybackNowPlayingBridge,"Implements PlaybackNowPlayingCommandHandlers, PlaybackNowPlayingState, PlaybackNowPlayingBridge for business logic services and subsystem coordinators.",0,,Consider focused service tests if behavior changes; static scan found no obvious direct coverage.,No obvious direct package test signal found by static name/content scan.,Matches architecture business-logic layer.,No print usage found. Naming/type structure generally follows Swift idioms from static inspection.,low,0,0,0,0,0,0,0
Packages/EnsembleCore/Sources/Services/PlaybackPrefetchController.swift,EnsembleCore,Package,Sources,Business logic services and subsystem coordinators,123,Foundation,struct PlaybackStreamCacheContext; class PlaybackPrefetchController,"Implements PlaybackStreamCacheContext, PlaybackPrefetchController for business logic services and subsystem coordinators.",2,"L11: /// Owns resolved-file cache updates and temporary stream-cache cleanup policy. | L120: EnsembleLogger.debug(""🗑️ Stream cache cleanup: removed \(removedCount), kept \(files.count - removedCount)"")",Triage legacy/migration/deprecated markers before new work in this area. | Consider focused service tests if behavior changes; static scan found no obvious direct coverage.,No obvious direct package test signal found by static name/content scan.,Matches architecture business-logic layer. Contains migration/legacy/cleanup markers for follow-up triage.,No print usage found. Naming/type structure generally follows Swift idioms from static inspection.,medium,0,0,0,0,0,0,0
Packages/EnsembleCore/Sources/Services/PlaybackQueueController.swift,EnsembleCore,Package,Sources,Business logic services and subsystem coordinators,57,Foundation,class PlaybackQueueController,Implements PlaybackQueueController for business logic services and subsystem coordinators.,0,,Consider focused service tests if behavior changes; static scan found no obvious direct coverage.,No obvious direct package test signal found by static name/content scan.,Matches architecture business-logic layer.,No print usage found. Naming/type structure generally follows Swift idioms from static inspection.,low,0,0,0,0,0,0,0
Packages/EnsembleCore/Sources/Services/PlaybackQueueStore.swift,EnsembleCore,Package,Sources,Business logic services and subsystem coordinators,121,Foundation,struct PlaybackQueueSnapshot; class PlaybackQueueStore,"Implements PlaybackQueueSnapshot, PlaybackQueueStore for business logic services and subsystem coordinators.",1,L58: // Keep writing legacy keys for backward compatibility with older builds.,"Triage legacy/migration/deprecated markers before new work in this area. | Review detached tasks for cancellation, actor isolation, and priority against subsystem policy.","Obvious related tests: Packages/EnsembleCore/Tests/PlaybackQueueStoreTests.swift, Packages/EnsembleCore/Tests/PlaybackStartupCoordinatorTests.swift.",Matches architecture business-logic layer. Contains migration/legacy/cleanup markers for follow-up triage.,"No print usage found. Task.detached usage should retain explicit priority, cancellation, and actor-isolation reasoning.",medium,0,0,1,0,0,0,0
Packages/EnsembleCore/Sources/Services/PlaybackRecoveryPolicy.swift,EnsembleCore,Package,Sources,Business logic services and subsystem coordinators,131,Foundation,enum PlaybackRecoveryPolicy; struct BufferingProfile; struct AdaptiveState,"Implements PlaybackRecoveryPolicy, BufferingProfile, AdaptiveState for business logic services and subsystem coordinators.",0,,No immediate cleanup note from static scan; revisit when touching related behavior.,Obvious related tests: Packages/EnsembleCore/Tests/PlaybackRecoveryPolicyTests.swift.,Matches architecture business-logic layer.,No print usage found. Naming/type structure generally follows Swift idioms from static inspection.,low,0,0,0,0,0,0,0
Packages/EnsembleCore/Sources/Services/PlaybackResolvedFileCache.swift,EnsembleCore,Package,Sources,Business logic services and subsystem coordinators,110,Foundation,class PlaybackResolvedFileCache,Implements PlaybackResolvedFileCache for business logic services and subsystem coordinators.,1,"L5: /// from prefetch, restore, and cleanup paths inside PlaybackService.",Triage legacy/migration/deprecated markers before new work in this area.,Obvious related tests: Packages/EnsembleCore/Tests/PlaybackResolvedFileCacheTests.swift.,Matches architecture business-logic layer. Contains migration/legacy/cleanup markers for follow-up triage.,No print usage found. Naming/type structure generally follows Swift idioms from static inspection.,medium,0,0,0,0,0,0,0
Packages/EnsembleCore/Sources/Services/PlaybackService.swift,EnsembleCore,Package,Sources,Business logic services and subsystem coordinators,5647,AVFoundation; Combine; EnsembleAPI; EnsemblePersistence; Foundation; MediaPlayer; Nuke; QuartzCore; UIKit,enum PlaybackState; enum PlaybackError; enum RepeatMode; enum QueueItemSource; struct QueueItem; struct QueueSections; protocol PlaybackServiceProtocol; class PlaybackService; enum PresentationRouteKind; struct NetworkTransitionDecision; class SeekOperation; enum PlaybackSource; enum SeekMode; struct QueueSourcePruneResult; struct FutureAutoplayPruneResult; struct AutoplayVisibleTrackIdentity,"Implements PlaybackState, PlaybackError, RepeatMode, QueueItemSource for business logic services and subsystem coordinators.",11,"L1013: // Track auto-generated track IDs to prevent duplicates in queue (legacy, being replaced by QueueItemSource) | L1215: cleanup() | L1349: cleanup() | L2781: cleanup() | L3238: /// @deprecated Use moveQueueItem(byId:from:to:) instead for better robustness. | L3630: EnsembleLogger.debug(""⚠️ playArtistRadio() deprecated - use enableRadio(tracks:) instead"") | L3634: EnsembleLogger.debug(""⚠️ playAlbumRadio() deprecated - use enableRadio(tracks:) instead"") | L3638: // Check source tag first (preferred), fall back to legacy set | L3719: /// Remove temporary stream cache files created by downloadUniversalStreamToFile. | L4402: // An interrupted download or aggressive cache cleanup can leave a partial file | L5262: private func cleanup() {","Very large file: plan staged extraction around one stable responsibility at a time. | Triage legacy/migration/deprecated markers before new work in this area. | Move diagnostic logger calls out from #if DEBUG unless surrounding code must be debug-only. | Review detached tasks for cancellation, actor isolation, and priority against subsystem policy. | Confirm global UserDefaults notifications use cache-and-compare guards.","Obvious related tests: Packages/EnsembleCore/Tests/NowPlayingViewModelFavoriteTests.swift, Packages/EnsembleCore/Tests/OfflineDownloadServicePolicyTests.swift, Packages/EnsembleCore/Tests/PlaybackQueueStoreTests.swift, Packages/EnsembleCore/Tests/PlaybackServiceTests.swift (+3 more).","Matches architecture business-logic layer. Needs logging-policy review: logger calls appear inside #if DEBUG. Contains migration/legacy/cleanup markers for follow-up triage. Oversized responsibility surface remains a skill-aligned cleanup candidate, not a behavior bug by itself.","No print usage found. Public API documentation appears incomplete (24/92 declarations with immediate doc comments). File size is far beyond common maintainability norms; prefer cohesive APIs and smaller responsibility boundaries. Task.detached usage should retain explicit priority, cancellation, and actor-isolation reasoning. UserDefaults.didChangeNotification usage should guard for unrelated key writes.",high,0,1,4,3,0,92,24
Packages/EnsembleCore/Sources/Services/PlaybackSessionStateMachine.swift,EnsembleCore,Package,Sources,Business logic services and subsystem coordinators,83,Foundation,enum PlaybackSessionStateMachine; struct SessionRequest; enum TerminalFailure,"Implements PlaybackSessionStateMachine, SessionRequest, TerminalFailure for business logic services and subsystem coordinators.",0,,No immediate cleanup note from static scan; revisit when touching related behavior.,Obvious related tests: Packages/EnsembleCore/Tests/PlaybackSessionStateMachineTests.swift.,Matches architecture business-logic layer.,No print usage found. Naming/type structure generally follows Swift idioms from static inspection.,low,0,0,0,0,0,0,0
Packages/EnsembleCore/Sources/Services/PlaybackStartupCoordinator.swift,EnsembleCore,Package,Sources,Business logic services and subsystem coordinators,79,Foundation,enum PlaybackStartupPrebufferMode; enum PlaybackStartupRestoreStatus; struct PlaybackStartupRestoreDecision; class PlaybackStartupCoordinator,"Implements PlaybackStartupPrebufferMode, PlaybackStartupRestoreStatus, PlaybackStartupRestoreDecision, PlaybackStartupCoordinator for business logic services and subsystem coordinators.",0,,No immediate cleanup note from static scan; revisit when touching related behavior.,Obvious related tests: Packages/EnsembleCore/Tests/PlaybackStartupCoordinatorTests.swift.,Matches architecture business-logic layer.,No print usage found. Naming/type structure generally follows Swift idioms from static inspection.,low,0,0,0,0,0,0,0
Packages/EnsembleCore/Sources/Services/PlaybackTransportCoordinator.swift,EnsembleCore,Package,Sources,Business logic services and subsystem coordinators,302,EnsembleAPI; Foundation,class PlaybackTransportCoordinator; struct Dependencies,"Implements PlaybackTransportCoordinator, Dependencies for business logic services and subsystem coordinators.",0,,No immediate cleanup note from static scan; revisit when touching related behavior.,Obvious related tests: Packages/EnsembleCore/Tests/PlaybackTransportCoordinatorTests.swift.,Matches architecture business-logic layer.,No print usage found. Naming/type structure generally follows Swift idioms from static inspection.,low,0,0,0,0,0,0,0
Packages/EnsembleCore/Sources/Services/PlaylistActionService.swift,EnsembleCore,Package,Sources,Business logic services and subsystem coordinators,89,Foundation,struct PlaylistActionService; extension Track,Implements PlaylistActionService for business logic services and subsystem coordinators.,0,,No immediate cleanup note from static scan; revisit when touching related behavior.,Obvious related tests: Packages/EnsembleCore/Tests/PlaylistActionServiceTests.swift.,Matches architecture business-logic layer.,No print usage found. Public API documentation appears incomplete (1/6 declarations with immediate doc comments).,low,0,0,0,0,0,6,1
Packages/EnsembleCore/Sources/Services/PlaylistDropResolver.swift,EnsembleCore,Package,Sources,Business logic services and subsystem coordinators,301,Foundation,struct MediaDropItemReference; enum Kind; struct MediaTrackResolver; struct PlaylistDropTargetReference; struct PlaylistDropResolution; enum PlaylistDropResolutionError; struct PlaylistDropResolver,"Implements MediaDropItemReference, Kind, MediaTrackResolver, PlaylistDropTargetReference for business logic services and subsystem coordinators.",0,,No immediate cleanup note from static scan; revisit when touching related behavior.,"Obvious related tests: Packages/EnsembleCore/Tests/DownloadTargetReconcilerTests.swift, Packages/EnsembleCore/Tests/OfflineDownloadCleanupCoordinatorTests.swift, Packages/EnsembleCore/Tests/OfflineDownloadServicePolicyTests.swift, Packages/EnsembleCore/Tests/PlaylistDropResolverTests.swift.",Matches architecture business-logic layer.,No print usage found. Public API documentation appears incomplete (4/29 declarations with immediate doc comments).,low,0,0,0,0,0,29,4
Packages/EnsembleCore/Sources/Services/PlaylistMutationController.swift,EnsembleCore,Package,Sources,Business logic services and subsystem coordinators,143,Foundation,class PlaylistMutationController; struct Dependencies,"Implements PlaylistMutationController, Dependencies for business logic services and subsystem coordinators.",0,,No immediate cleanup note from static scan; revisit when touching related behavior.,Obvious related tests: Packages/EnsembleCore/Tests/PlaylistMutationControllerTests.swift.,Matches architecture business-logic layer.,No print usage found. Naming/type structure generally follows Swift idioms from static inspection.,low,0,0,0,0,0,0,0
Packages/EnsembleCore/Sources/Services/PlaylistMutationWorkflow.swift,EnsembleCore,Package,Sources,Business logic services and subsystem coordinators,528,Foundation,protocol PlaylistMutationWorkflowMutating; extension MutationCoordinator; struct PlaylistMutationToastScope; struct PlaylistRenameWorkflowStart; struct PlaylistRenameWorkflowResult; struct PlaylistAddWorkflowResult; struct PlaylistOptimisticAddWorkflowResult; struct PlaylistCreateWorkflowResult; struct PlaylistDeleteWorkflowStart; struct PlaylistDeleteWorkflowResult; struct PlaylistBatchMutationWorkflowResult; class PlaylistMutationWorkflow; enum Icon,"Implements PlaylistMutationWorkflowMutating, PlaylistMutationToastScope, PlaylistRenameWorkflowStart, PlaylistRenameWorkflowResult for business logic services and subsystem coordinators.",0,,No immediate cleanup note from static scan; revisit when touching related behavior.,Obvious related tests: Packages/EnsembleCore/Tests/PlaylistMutationWorkflowTests.swift.,Matches architecture business-logic layer.,No print usage found. Public API documentation appears incomplete (0/55 declarations with immediate doc comments).,low,0,0,0,0,0,55,0
Packages/EnsembleCore/Sources/Services/PlaylistRefreshController.swift,EnsembleCore,Package,Sources,Business logic services and subsystem coordinators,95,Foundation,class PlaylistRefreshController; enum Trigger; struct RefreshResult,"Implements PlaylistRefreshController, Trigger, RefreshResult for business logic services and subsystem coordinators.",0,,No immediate cleanup note from static scan; revisit when touching related behavior.,"Obvious related tests: Packages/EnsembleCore/Tests/PlaylistRefreshControllerTests.swift, Packages/EnsembleCore/Tests/WebSocketSyncControllerTests.swift.",Matches architecture business-logic layer.,No print usage found. Naming/type structure generally follows Swift idioms from static inspection.,low,0,0,0,0,0,0,0
Packages/EnsembleCore/Sources/Services/PlexAccountDiscoveryService.swift,EnsembleCore,Package,Sources,Business logic services and subsystem coordinators,346,EnsembleAPI; Foundation; os,struct PlexAccountIdentity; struct PlexAccountDiscoveryResult; protocol PlexAccountDiscoveryClientProtocol; protocol PlexAccountDiscoveryServiceProtocol; struct PlexAPIAccountDiscoveryClient; enum DiscoveryInitialResult; class PlexAccountDiscoveryService; extension PlexAccountDiscoveryService,"Implements PlexAccountIdentity, PlexAccountDiscoveryResult, PlexAccountDiscoveryClientProtocol, PlexAccountDiscoveryServiceProtocol for business logic services and subsystem coordinators.",3,L115: /// Creates a temporary `PlexAPIClient` for the given device during discovery. | L160: // which causes Swift runtime crashes in protocol witness cleanup on certain OS versions. | L198: // a Swift runtime abort during async-let cleanup when one task throws or the parent,Triage legacy/migration/deprecated markers before new work in this area.,"Obvious related tests: Packages/EnsembleCore/Tests/AddPlexAccountViewModelTests.swift, Packages/EnsembleCore/Tests/MusicSourceAccountDetailViewModelTests.swift, Packages/EnsembleCore/Tests/PlexAccountDiscoveryServiceTests.swift.",Matches architecture business-logic layer. Contains migration/legacy/cleanup markers for follow-up triage.,No print usage found. Public API documentation appears incomplete (1/24 declarations with immediate doc comments).,medium,0,0,0,0,0,24,1
Packages/EnsembleCore/Sources/Services/PlexMusicSourceSyncProvider.swift,EnsembleCore,Package,Sources,Business logic services and subsystem coordinators,796,EnsembleAPI; EnsemblePersistence; Foundation,class PlexMusicSourceSyncProvider,Implements PlexMusicSourceSyncProvider for business logic services and subsystem coordinators.,0,,Medium-large file: keep an eye on responsibility creep. | Consider focused service tests if behavior changes; static scan found no obvious direct coverage.,No obvious direct package test signal found by static name/content scan.,Matches architecture business-logic layer.,No print usage found. Public API documentation appears incomplete (8/26 declarations with immediate doc comments). Large file; review cohesive type/extension boundaries over time.,low,0,0,0,0,0,26,8
Packages/EnsembleCore/Sources/Services/PlexRadioProvider.swift,EnsembleCore,Package,Sources,Business logic services and subsystem coordinators,194,EnsembleAPI; EnsemblePersistence; Foundation,class PlexRadioProvider,Implements PlexRadioProvider for business logic services and subsystem coordinators.,0,,Consider focused service tests if behavior changes; static scan found no obvious direct coverage.,No obvious direct package test signal found by static name/content scan.,Matches architecture business-logic layer.,No print usage found. Public API documentation appears incomplete (1/9 declarations with immediate doc comments).,low,0,0,0,0,0,9,1
Packages/EnsembleCore/Sources/Services/PlexWebSocketCoordinator.swift,EnsembleCore,Package,Sources,Business logic services and subsystem coordinators,446,Combine; EnsembleAPI; Foundation,class PlexWebSocketCoordinator,Implements PlexWebSocketCoordinator for business logic services and subsystem coordinators.,0,,No immediate cleanup note from static scan; revisit when touching related behavior.,"Obvious related tests: Packages/EnsembleCore/Tests/MusicSourceAccountDetailViewModelTests.swift, Packages/EnsembleCore/Tests/PlexWebSocketCoordinatorTests.swift.",Matches architecture business-logic layer.,No print usage found. Public API documentation appears incomplete (9/11 declarations with immediate doc comments).,low,0,0,0,0,0,11,9
Packages/EnsembleCore/Sources/Services/PowerStateMonitor.swift,EnsembleCore,Package,Sources,Business logic services and subsystem coordinators,36,Combine; Foundation; os,class PowerStateMonitor,Implements PowerStateMonitor for business logic services and subsystem coordinators.,0,,Move diagnostic logger calls out from #if DEBUG unless surrounding code must be debug-only. | Consider focused service tests if behavior changes; static scan found no obvious direct coverage.,No obvious direct package test signal found by static name/content scan.,Matches architecture business-logic layer. Needs logging-policy review: logger calls appear inside #if DEBUG.,No print usage found. Public API documentation appears incomplete (1/3 declarations with immediate doc comments).,low,0,1,0,0,0,3,1
Packages/EnsembleCore/Sources/Services/ProgressiveStreamLoader.swift,EnsembleCore,Package,Sources,Business logic services and subsystem coordinators,476,AVFoundation; EnsembleAPI; Foundation,enum ProgressiveStreamError; class ProgressiveStreamLoader; extension ProgressiveStreamLoader; extension ProgressiveStreamLoader,"Implements ProgressiveStreamError, ProgressiveStreamLoader for business logic services and subsystem coordinators.",0,,Move diagnostic logger calls out from #if DEBUG unless surrounding code must be debug-only. | Consider focused service tests if behavior changes; static scan found no obvious direct coverage.,No obvious direct package test signal found by static name/content scan.,Matches architecture business-logic layer. Needs logging-policy review: logger calls appear inside #if DEBUG.,No print usage found. Naming/type structure generally follows Swift idioms from static inspection.,low,0,1,0,0,0,0,0
Packages/EnsembleCore/Sources/Services/QueueManager.swift,EnsembleCore,Package,Sources,Business logic services and subsystem coordinators,648,Foundation,enum QueueNavigationAction; class QueueManager,"Implements QueueNavigationAction, QueueManager for business logic services and subsystem coordinators.",1,L421: /// @deprecated Use moveQueueItem(byId:from:to:) instead.,Medium-large file: keep an eye on responsibility creep. | Triage legacy/migration/deprecated markers before new work in this area.,Obvious related tests: Packages/EnsembleCore/Tests/QueueManagerTests.swift.,Matches architecture business-logic layer. Contains migration/legacy/cleanup markers for follow-up triage.,No print usage found. Public API documentation appears incomplete (27/36 declarations with immediate doc comments).,medium,0,0,0,0,0,36,27
Packages/EnsembleCore/Sources/Services/RadioProvider.swift,EnsembleCore,Package,Sources,Business logic services and subsystem coordinators,73,Foundation,enum RadioMode; protocol RadioProviderProtocol,"Implements RadioMode, RadioProviderProtocol for business logic services and subsystem coordinators.",0,,No immediate cleanup note from static scan; revisit when touching related behavior.,"Obvious related tests: Packages/EnsembleCore/Tests/NowPlayingViewModelFavoriteTests.swift, Packages/EnsembleCore/Tests/SiriPlaybackCoordinatorTests.swift.",Matches architecture business-logic layer.,No print usage found. Public API documentation appears incomplete (2/4 declarations with immediate doc comments).,low,0,0,0,0,0,4,2
Packages/EnsembleCore/Sources/Services/RefreshOrchestrator.swift,EnsembleCore,Package,Sources,Business logic services and subsystem coordinators,228,Foundation,class RefreshOrchestrator; enum HealthRefreshReason; struct HealthRefreshRequest,"Implements RefreshOrchestrator, HealthRefreshReason, HealthRefreshRequest for business logic services and subsystem coordinators.",0,,No immediate cleanup note from static scan; revisit when touching related behavior.,Obvious related tests: Packages/EnsembleCore/Tests/RefreshOrchestratorTests.swift.,Matches architecture business-logic layer.,No print usage found. Naming/type structure generally follows Swift idioms from static inspection.,low,0,0,0,0,0,0,0
Packages/EnsembleCore/Sources/Services/ServerConnectionController.swift,EnsembleCore,Package,Sources,Business logic services and subsystem coordinators,144,EnsembleAPI; Foundation,class ServerConnectionController,Implements ServerConnectionController for business logic services and subsystem coordinators.,0,,No immediate cleanup note from static scan; revisit when touching related behavior.,Obvious related tests: Packages/EnsembleCore/Tests/ServerConnectionControllerTests.swift.,Matches architecture business-logic layer.,No print usage found. Naming/type structure generally follows Swift idioms from static inspection.,low,0,0,0,0,0,0,0
Packages/EnsembleCore/Sources/Services/ServerHealthChecker.swift,EnsembleCore,Package,Sources,Business logic services and subsystem coordinators,558,Combine; EnsembleAPI; Foundation,class ServerHealthChecker; struct CheckSummary; struct CachedCheckEntry; struct ServerCheckResult,"Implements ServerHealthChecker, CheckSummary, CachedCheckEntry, ServerCheckResult for business logic services and subsystem coordinators.",0,,No immediate cleanup note from static scan; revisit when touching related behavior.,"Obvious related tests: Packages/EnsembleCore/Tests/AddPlexAccountViewModelTests.swift, Packages/EnsembleCore/Tests/HomeViewModelRefreshPolicyTests.swift, Packages/EnsembleCore/Tests/MusicSourceAccountDetailViewModelTests.swift, Packages/EnsembleCore/Tests/NowPlayingViewModelFavoriteTests.swift (+8 more).",Matches architecture business-logic layer.,No print usage found. Public API documentation appears incomplete (6/9 declarations with immediate doc comments).,low,0,0,0,0,0,9,6
Packages/EnsembleCore/Sources/Services/SettingsManager.swift,EnsembleCore,Package,Sources,Business logic services and subsystem coordinators,428,Combine; SwiftUI,enum TrackSwipeAction; enum TrackSwipeEdge; enum SongsTableColumn; struct TrackSwipeLayout; enum AppAccentColor; enum TabItem; class SettingsManager,"Implements TrackSwipeAction, TrackSwipeEdge, SongsTableColumn, TrackSwipeLayout for business logic services and subsystem coordinators.",0,,No immediate cleanup note from static scan; revisit when touching related behavior.,"Obvious related tests: Packages/EnsembleCore/Tests/SettingsManagerConnectionPolicyTests.swift, Packages/EnsembleCore/Tests/SyncSettingsManagerTests.swift, Packages/EnsembleCore/Tests/TrackSwipeLayoutTests.swift.",Matches architecture business-logic layer.,No print usage found. Public API documentation appears incomplete (0/35 declarations with immediate doc comments).,low,0,0,0,0,0,35,0
Packages/EnsembleCore/Sources/Services/ShareService.swift,EnsembleCore,Package,Sources,Business logic services and subsystem coordinators,244,EnsembleAPI; Foundation; os,struct TrackFileExportMetadata; enum SharePayload; class ShareService,"Implements TrackFileExportMetadata, SharePayload, ShareService for business logic services and subsystem coordinators.",2,L105: /// Directory for temporary files created during share-file-for-non-downloaded-tracks | L213: /// Clean up temporary share files. Call after share sheet is dismissed.,Triage legacy/migration/deprecated markers before new work in this area.,Obvious related tests: Packages/EnsembleCore/Tests/ShareServiceTests.swift.,Matches architecture business-logic layer. Contains migration/legacy/cleanup markers for follow-up triage.,No print usage found. Public API documentation appears incomplete (7/14 declarations with immediate doc comments).,medium,0,0,0,0,0,14,7
Packages/EnsembleCore/Sources/Services/SiriAddToPlaylistCoordinator.swift,EnsembleCore,Package,Sources,Business logic services and subsystem coordinators,87,EnsemblePersistence; Foundation,class SiriAddToPlaylistCoordinator,Implements SiriAddToPlaylistCoordinator for business logic services and subsystem coordinators.,0,,Consider focused service tests if behavior changes; static scan found no obvious direct coverage.,No obvious direct package test signal found by static name/content scan.,Matches architecture business-logic layer.,No print usage found. Public API documentation appears incomplete (1/4 declarations with immediate doc comments).,low,0,0,0,0,0,4,1
Packages/EnsembleCore/Sources/Services/SiriAffinityCoordinator.swift,EnsembleCore,Package,Sources,Business logic services and subsystem coordinators,89,Foundation,class SiriAffinityCoordinator,Implements SiriAffinityCoordinator for business logic services and subsystem coordinators.,0,,Consider focused service tests if behavior changes; static scan found no obvious direct coverage.,No obvious direct package test signal found by static name/content scan.,Matches architecture business-logic layer.,No print usage found. Public API documentation appears incomplete (1/4 declarations with immediate doc comments).,low,0,0,0,0,0,4,1
Packages/EnsembleCore/Sources/Services/SiriMediaIndexStore.swift,EnsembleCore,Package,Sources,Business logic services and subsystem coordinators,190,EnsemblePersistence; EnsembleSiriShared; Foundation,enum SiriMediaIndexNotifications; class SiriMediaIndexStore,"Implements SiriMediaIndexNotifications, SiriMediaIndexStore for business logic services and subsystem coordinators.",0,,Consider focused service tests if behavior changes; static scan found no obvious direct coverage.,No obvious direct package test signal found by static name/content scan.,Matches architecture business-logic layer.,No print usage found. Public API documentation appears incomplete (3/6 declarations with immediate doc comments).,low,0,0,0,0,0,6,3
Packages/EnsembleCore/Sources/Services/SiriMediaUserContextManager.swift,EnsembleCore,Package,Sources,Business logic services and subsystem coordinators,108,EnsemblePersistence; Foundation; Intents,protocol SiriMediaUserContextManagerProtocol; class SiriMediaUserContextManager; protocol SiriMediaUserContextManagerProtocol; class SiriMediaUserContextManager,"Implements SiriMediaUserContextManagerProtocol, SiriMediaUserContextManager, SiriMediaUserContextManagerProtocol, SiriMediaUserContextManager for business logic services and subsystem coordinators.",0,,Consider focused service tests if behavior changes; static scan found no obvious direct coverage.,No obvious direct package test signal found by static name/content scan.,Matches architecture business-logic layer.,No print usage found. Public API documentation appears incomplete (0/8 declarations with immediate doc comments).,low,0,0,0,0,0,8,0
Packages/EnsembleCore/Sources/Services/SiriPlaybackCoordinator.swift,EnsembleCore,Package,Sources,Business logic services and subsystem coordinators,663,EnsemblePersistence; EnsembleSiriShared; Foundation,struct SiriPlaybackRequest; enum SiriPlaybackCoordinatorError; class SiriPlaybackCoordinator,"Implements SiriPlaybackRequest, SiriPlaybackCoordinatorError, SiriPlaybackCoordinator for business logic services and subsystem coordinators.",0,,Medium-large file: keep an eye on responsibility creep.,Obvious related tests: Packages/EnsembleCore/Tests/SiriPlaybackCoordinatorTests.swift.,Matches architecture business-logic layer.,No print usage found. Public API documentation appears incomplete (7/17 declarations with immediate doc comments).,low,0,0,0,0,0,17,7
Packages/EnsembleCore/Sources/Services/SongLinkService.swift,EnsembleCore,Package,Sources,Business logic services and subsystem coordinators,171,Foundation; MusicKit; os,protocol MusicCatalogSearching; struct MusicKitCatalogSearcher; struct NoOpMusicCatalogSearcher; struct SongLinkResponse; actor SongLinkService,"Implements MusicCatalogSearching, MusicKitCatalogSearcher, NoOpMusicCatalogSearcher, SongLinkResponse for business logic services and subsystem coordinators.",0,,No immediate cleanup note from static scan; revisit when touching related behavior.,"Obvious related tests: Packages/EnsembleCore/Tests/ShareServiceTests.swift, Packages/EnsembleCore/Tests/SongLinkServiceTests.swift.",Matches architecture business-logic layer.,No print usage found. Public API documentation appears incomplete (6/13 declarations with immediate doc comments).,low,0,0,0,0,0,13,6
Packages/EnsembleCore/Sources/Services/SyncCoordinator.swift,EnsembleCore,Package,Sources,Business logic services and subsystem coordinators,2347,Combine; EnsembleAPI; EnsemblePersistence; Foundation,enum SyncStrategy; struct PlaylistMutationResult; struct SyncContentChange; enum PlaylistMutationError; class SyncCoordinator; struct ParsedServerSource,"Implements SyncStrategy, PlaylistMutationResult, SyncContentChange, PlaylistMutationError for business logic services and subsystem coordinators.",5,"L908: // Clear any temporary stream URL fallback state (e.g., universal endpoint cooldown) | L1323: EnsembleLogger.debug(""❌ Failed to cleanup source \(sourceId.compositeKey): \(error)"") | L1327: /// Best-effort cleanup for removed/disabled sources that are still cached locally. | L1350: // Collect playlist ratingKeys before deletion for artwork cleanup | L1369: EnsembleLogger.debug(""❌ Failed to cleanup server playlists \(serverSourceKey): \(error)"")",Very large file: plan staged extraction around one stable responsibility at a time. | Triage legacy/migration/deprecated markers before new work in this area.,"Obvious related tests: Packages/EnsembleCore/Tests/AddPlexAccountViewModelTests.swift, Packages/EnsembleCore/Tests/HomeViewModelRefreshPolicyTests.swift, Packages/EnsembleCore/Tests/MusicSourceAccountDetailViewModelTests.swift, Packages/EnsembleCore/Tests/NowPlayingViewModelFavoriteTests.swift (+6 more).","Matches architecture business-logic layer. Contains migration/legacy/cleanup markers for follow-up triage. Oversized responsibility surface remains a skill-aligned cleanup candidate, not a behavior bug by itself.",No print usage found. Public API documentation appears incomplete (61/85 declarations with immediate doc comments). File size is far beyond common maintainability norms; prefer cohesive APIs and smaller responsibility boundaries.,high,0,0,0,0,0,85,61
Packages/EnsembleCore/Sources/Services/SyncExecutionController.swift,EnsembleCore,Package,Sources,Business logic services and subsystem coordinators,483,EnsemblePersistence; Foundation,class SyncExecutionController; struct Dependencies,"Implements SyncExecutionController, Dependencies for business logic services and subsystem coordinators.",0,,Consider focused service tests if behavior changes; static scan found no obvious direct coverage.,No obvious direct package test signal found by static name/content scan.,Matches architecture business-logic layer.,No print usage found. Naming/type structure generally follows Swift idioms from static inspection.,low,0,0,0,0,0,0,0
Packages/EnsembleCore/Sources/Services/SyncSettingsManager.swift,EnsembleCore,Package,Sources,Business logic services and subsystem coordinators,312,Combine; Foundation,class SyncSettingsManager; enum SyncDirection; enum SyncFeatureState; struct SyncFeatureActivity; enum ProfileSyncPhase; struct ProfileSyncStatus; enum SyncFeature; enum Keys,"Implements SyncSettingsManager, SyncDirection, SyncFeatureState, SyncFeatureActivity for business logic services and subsystem coordinators.",0,,No immediate cleanup note from static scan; revisit when touching related behavior.,Obvious related tests: Packages/EnsembleCore/Tests/SyncSettingsManagerTests.swift.,Matches architecture business-logic layer.,No print usage found. Public API documentation appears incomplete (16/35 declarations with immediate doc comments).,low,0,0,0,0,0,35,16
Packages/EnsembleCore/Sources/Services/ToastCenter.swift,EnsembleCore,Package,Sources,Business logic services and subsystem coordinators,139,Combine; Foundation,enum ToastStyle; struct ToastAction; struct ToastPayload; class ToastCenter,"Implements ToastStyle, ToastAction, ToastPayload, ToastCenter for business logic services and subsystem coordinators.",0,,No immediate cleanup note from static scan; revisit when touching related behavior.,"Obvious related tests: Packages/EnsembleCore/Tests/NowPlayingViewModelFavoriteTests.swift, Packages/EnsembleCore/Tests/OfflineDownloadServicePolicyTests.swift, Packages/EnsembleCore/Tests/PlaylistDetailViewModelTests.swift.",Matches architecture business-logic layer.,No print usage found. Public API documentation appears incomplete (0/25 declarations with immediate doc comments).,low,0,0,0,0,0,25,0
Packages/EnsembleCore/Sources/Services/TrackAvailabilityResolver.swift,EnsembleCore,Package,Sources,Business logic services and subsystem coordinators,178,Combine; EnsembleAPI; EnsemblePersistence; Foundation,enum TrackAvailability; class TrackAvailabilityResolver,"Implements TrackAvailability, TrackAvailabilityResolver for business logic services and subsystem coordinators.",0,,No immediate cleanup note from static scan; revisit when touching related behavior.,Obvious related tests: Packages/EnsembleCore/Tests/NowPlayingViewModelFavoriteTests.swift.,Matches architecture business-logic layer.,No print usage found. Public API documentation appears incomplete (5/7 declarations with immediate doc comments).,low,0,0,0,0,0,7,5
Packages/EnsembleCore/Sources/Services/TrackRatingMutationWorkflow.swift,EnsembleCore,Package,Sources,Business logic services and subsystem coordinators,126,Foundation,protocol TrackRatingMutationWorkflowMutating; extension MutationCoordinator; struct TrackRatingMutationWorkflowResult; class TrackRatingMutationWorkflow; enum Icon,"Implements TrackRatingMutationWorkflowMutating, TrackRatingMutationWorkflowResult, TrackRatingMutationWorkflow, Icon for business logic services and subsystem coordinators.",0,,No immediate cleanup note from static scan; revisit when touching related behavior.,"Obvious related tests: Packages/EnsembleCore/Tests/TrackRatingMutationWorkflowTests.swift, Packages/EnsembleUI/Tests/EnsembleUITests.swift.",Matches architecture business-logic layer.,No print usage found. Public API documentation appears incomplete (0/13 declarations with immediate doc comments).,low,0,0,0,0,0,13,0
Packages/EnsembleCore/Sources/Services/UserProfileStore.swift,EnsembleCore,Package,Sources,Business logic services and subsystem coordinators,208,AppKit; Combine; Foundation; UIKit,class UserProfileStore,Implements UserProfileStore for business logic services and subsystem coordinators.,0,,No immediate cleanup note from static scan; revisit when touching related behavior.,Obvious related tests: Packages/EnsembleCore/Tests/UserProfileTests.swift.,Matches architecture business-logic layer.,No print usage found. Public API documentation appears incomplete (7/8 declarations with immediate doc comments).,low,0,0,0,0,0,8,7
Packages/EnsembleCore/Sources/Services/WebSocketSyncController.swift,EnsembleCore,Package,Sources,Business logic services and subsystem coordinators,68,Foundation,class WebSocketSyncController; struct SectionResolution; struct PlaylistResolution,"Implements WebSocketSyncController, SectionResolution, PlaylistResolution for business logic services and subsystem coordinators.",0,,No immediate cleanup note from static scan; revisit when touching related behavior.,Obvious related tests: Packages/EnsembleCore/Tests/WebSocketSyncControllerTests.swift.,Matches architecture business-logic layer.,No print usage found. Naming/type structure generally follows Swift idioms from static inspection.,low,0,0,0,0,0,0,0
Packages/EnsembleCore/Sources/ViewModels/AddPlexAccountViewModel.swift,EnsembleCore,Package,Sources,Main-actor screen/view state and UI-facing actions,315,Combine; EnsembleAPI; Foundation,enum AddAccountState; class AddPlexAccountViewModel,"Implements AddAccountState, AddPlexAccountViewModel for main-actor screen/view state and ui-facing actions.",0,,No immediate cleanup note from static scan; revisit when touching related behavior.,Obvious related tests: Packages/EnsembleCore/Tests/AddPlexAccountViewModelTests.swift.,Matches architecture business-logic layer.,No print usage found. Public API documentation appears incomplete (0/15 declarations with immediate doc comments).,low,0,0,0,0,0,15,0
Packages/EnsembleCore/Sources/ViewModels/AlbumDetailViewModel.swift,EnsembleCore,Package,Sources,Main-actor screen/view state and UI-facing actions,196,Combine; EnsemblePersistence; Foundation,protocol MediaDetailViewModelProtocol; class AlbumDetailViewModel,"Implements MediaDetailViewModelProtocol, AlbumDetailViewModel for main-actor screen/view state and ui-facing actions.",0,,Move diagnostic logger calls out from #if DEBUG unless surrounding code must be debug-only.,No obvious direct test file; project testing policy does not require simple pass-through ViewModel tests.,Matches architecture business-logic layer. Needs logging-policy review: logger calls appear inside #if DEBUG.,No print usage found. Public API documentation appears incomplete (4/9 declarations with immediate doc comments).,low,0,1,0,0,0,9,4
Packages/EnsembleCore/Sources/ViewModels/ArtistDetailViewModel.swift,EnsembleCore,Package,Sources,Main-actor screen/view state and UI-facing actions,193,Combine; EnsemblePersistence; Foundation,class ArtistDetailViewModel,Implements ArtistDetailViewModel for main-actor screen/view state and ui-facing actions.,0,,No immediate cleanup note from static scan; revisit when touching related behavior.,No obvious direct test file; project testing policy does not require simple pass-through ViewModel tests.,Matches architecture business-logic layer.,No print usage found. Public API documentation appears incomplete (4/10 declarations with immediate doc comments).,low,0,0,0,0,0,10,4
Packages/EnsembleCore/Sources/ViewModels/DownloadManagerSettingsViewModel.swift,EnsembleCore,Package,Sources,Main-actor screen/view state and UI-facing actions,137,Combine; EnsemblePersistence; Foundation,struct DownloadManagerItem; struct QualitySizeEstimates; class DownloadManagerSettingsViewModel,"Implements DownloadManagerItem, QualitySizeEstimates, DownloadManagerSettingsViewModel for main-actor screen/view state and ui-facing actions.",0,,No immediate cleanup note from static scan; revisit when touching related behavior.,No obvious direct test file; project testing policy does not require simple pass-through ViewModel tests.,Matches architecture business-logic layer.,No print usage found. Public API documentation appears incomplete (4/22 declarations with immediate doc comments).,low,0,0,0,0,0,22,4
Packages/EnsembleCore/Sources/ViewModels/DownloadTargetDetailViewModel.swift,EnsembleCore,Package,Sources,Main-actor screen/view state and UI-facing actions,265,Combine; CoreData; EnsembleAPI; EnsemblePersistence; Foundation,struct TrackDownloadRow; class DownloadTargetDetailViewModel,"Implements TrackDownloadRow, DownloadTargetDetailViewModel for main-actor screen/view state and ui-facing actions.",0,,No immediate cleanup note from static scan; revisit when touching related behavior.,No obvious direct test file; project testing policy does not require simple pass-through ViewModel tests.,Matches architecture business-logic layer.,No print usage found. Public API documentation appears incomplete (16/30 declarations with immediate doc comments).,low,0,0,0,0,0,30,16
Packages/EnsembleCore/Sources/ViewModels/DownloadsViewModel.swift,EnsembleCore,Package,Sources,Main-actor screen/view state and UI-facing actions,341,Combine; EnsemblePersistence; Foundation,struct LibraryDownloadSummary; struct DownloadedItemSummary; class DownloadsViewModel,"Implements LibraryDownloadSummary, DownloadedItemSummary, DownloadsViewModel for main-actor screen/view state and ui-facing actions.",0,,No immediate cleanup note from static scan; revisit when touching related behavior.,No obvious direct test file; project testing policy does not require simple pass-through ViewModel tests.,Matches architecture business-logic layer.,No print usage found. Public API documentation appears incomplete (7/33 declarations with immediate doc comments).,low,0,0,0,0,0,33,7
Packages/EnsembleCore/Sources/ViewModels/FavoritesViewModel.swift,EnsembleCore,Package,Sources,Main-actor screen/view state and UI-facing actions,186,Combine; EnsemblePersistence; Foundation,class FavoritesViewModel,Implements FavoritesViewModel for main-actor screen/view state and ui-facing actions.,0,,No immediate cleanup note from static scan; revisit when touching related behavior.,No obvious direct test file; project testing policy does not require simple pass-through ViewModel tests.,Matches architecture business-logic layer.,No print usage found. Public API documentation appears incomplete (1/3 declarations with immediate doc comments).,low,0,0,0,0,0,3,1
Packages/EnsembleCore/Sources/ViewModels/HomeViewModel.swift,EnsembleCore,Package,Sources,Main-actor screen/view state and UI-facing actions,916,Combine; EnsembleAPI; EnsemblePersistence; Foundation,class HomeViewModel; enum AutoRefreshReason,"Implements HomeViewModel, AutoRefreshReason for main-actor screen/view state and ui-facing actions.",0,,Medium-large file: keep an eye on responsibility creep.,"Obvious related tests: Packages/EnsembleCore/Tests/HomeViewModelRefreshPolicyTests.swift, Packages/EnsembleCore/Tests/LibraryVisibilityProfileTests.swift.",Matches architecture business-logic layer.,No print usage found. Public API documentation appears incomplete (8/12 declarations with immediate doc comments). Large file; review cohesive type/extension boundaries over time.,low,0,0,0,0,0,12,8
Packages/EnsembleCore/Sources/ViewModels/LibraryDownloadDetailViewModel.swift,EnsembleCore,Package,Sources,Main-actor screen/view state and UI-facing actions,187,Combine; CoreData; EnsemblePersistence; Foundation,class LibraryDownloadDetailViewModel,Implements LibraryDownloadDetailViewModel for main-actor screen/view state and ui-facing actions.,0,,No immediate cleanup note from static scan; revisit when touching related behavior.,No obvious direct test file; project testing policy does not require simple pass-through ViewModel tests.,Matches architecture business-logic layer.,No print usage found. Public API documentation appears incomplete (2/13 declarations with immediate doc comments).,low,0,0,0,0,0,13,2
Packages/EnsembleCore/Sources/ViewModels/LibraryViewModel.swift,EnsembleCore,Package,Sources,Main-actor screen/view state and UI-facing actions,699,Combine; EnsemblePersistence; Foundation,class LibraryViewModel; struct TrackSection,"Implements LibraryViewModel, TrackSection for main-actor screen/view state and ui-facing actions.",0,,"Medium-large file: keep an eye on responsibility creep. | Review detached tasks for cancellation, actor isolation, and priority against subsystem policy.",Obvious related tests: Packages/EnsembleCore/Tests/LibraryVisibilityProfileTests.swift.,Matches architecture business-logic layer.,"No print usage found. Public API documentation appears incomplete (1/14 declarations with immediate doc comments). Task.detached usage should retain explicit priority, cancellation, and actor-isolation reasoning.",low,0,0,1,0,0,14,1
Packages/EnsembleCore/Sources/ViewModels/MergedPlaylistDetailViewModel.swift,EnsembleCore,Package,Sources,Main-actor screen/view state and UI-facing actions,297,Combine; EnsemblePersistence; Foundation,class MergedPlaylistDetailViewModel,Implements MergedPlaylistDetailViewModel for main-actor screen/view state and ui-facing actions.,0,,"Review detached tasks for cancellation, actor isolation, and priority against subsystem policy.",Obvious related tests: Packages/EnsembleCore/Tests/PlaylistDetailViewModelTests.swift.,Matches architecture business-logic layer.,"No print usage found. Public API documentation appears incomplete (3/9 declarations with immediate doc comments). Task.detached usage should retain explicit priority, cancellation, and actor-isolation reasoning.",low,0,0,1,0,0,9,3
Packages/EnsembleCore/Sources/ViewModels/MusicSourceAccountDetailViewModel.swift,EnsembleCore,Package,Sources,Main-actor screen/view state and UI-facing actions,503,Combine; Foundation,class MusicSourceAccountDetailViewModel; struct ServerSection; struct LibraryRow; struct ServerKey,"Implements MusicSourceAccountDetailViewModel, ServerSection, LibraryRow, ServerKey for main-actor screen/view state and ui-facing actions.",0,,No immediate cleanup note from static scan; revisit when touching related behavior.,Obvious related tests: Packages/EnsembleCore/Tests/MusicSourceAccountDetailViewModelTests.swift.,Matches architecture business-logic layer.,No print usage found. Public API documentation appears incomplete (3/24 declarations with immediate doc comments).,low,0,0,0,0,0,24,3
Packages/EnsembleCore/Sources/ViewModels/NowPlayingProjections.swift,EnsembleCore,Package,Sources,Main-actor screen/view state and UI-facing actions,306,Combine; Foundation,class NowPlayingPlaybackProjection; class NowPlayingQueueProjection; class NowPlayingArtworkProjection; class NowPlayingLyricsProjection; class NowPlayingRatingProjection,"Implements NowPlayingPlaybackProjection, NowPlayingQueueProjection, NowPlayingArtworkProjection, NowPlayingLyricsProjection for main-actor screen/view state and ui-facing actions.",0,,No immediate cleanup note from static scan; revisit when touching related behavior.,No obvious direct test file; project testing policy does not require simple pass-through ViewModel tests.,Matches architecture business-logic layer.,No print usage found. Public API documentation appears incomplete (0/29 declarations with immediate doc comments).,low,0,0,0,0,0,29,0
Packages/EnsembleCore/Sources/ViewModels/NowPlayingViewModel.swift,EnsembleCore,Package,Sources,Main-actor screen/view state and UI-facing actions,1622,AppKit; Combine; EnsemblePersistence; Foundation; Nuke; SwiftUI; UIKit,enum TrackRating; struct PlaylistServerOption; struct LastPlaylistTarget; enum PlaylistActionError; class NowPlayingViewModel,"Implements TrackRating, PlaylistServerOption, LastPlaylistTarget, PlaylistActionError for main-actor screen/view state and ui-facing actions.",0,,"Large file: audit for nested helpers or policy seams that can move to existing shared owners. | Review detached tasks for cancellation, actor isolation, and priority against subsystem policy.","Obvious related tests: Packages/EnsembleCore/Tests/NowPlayingViewModelFavoriteTests.swift, Packages/EnsembleCore/Tests/SyncCoordinatorPlaylistMutationTests.swift, Packages/EnsembleCore/Tests/TrackRatingMutationWorkflowTests.swift.","Matches architecture business-logic layer. Oversized responsibility surface remains a skill-aligned cleanup candidate, not a behavior bug by itself.","No print usage found. Public API documentation appears incomplete (16/100 declarations with immediate doc comments). File size is far beyond common maintainability norms; prefer cohesive APIs and smaller responsibility boundaries. Task.detached usage should retain explicit priority, cancellation, and actor-isolation reasoning.",medium,0,0,1,0,0,100,16
Packages/EnsembleCore/Sources/ViewModels/OfflineServersViewModel.swift,EnsembleCore,Package,Sources,Main-actor screen/view state and UI-facing actions,109,Combine; Foundation,struct OfflineServerLibraryToggle; struct OfflineServerSection; class OfflineServersViewModel,"Implements OfflineServerLibraryToggle, OfflineServerSection, OfflineServersViewModel for main-actor screen/view state and ui-facing actions.",0,,No immediate cleanup note from static scan; revisit when touching related behavior.,No obvious direct test file; project testing policy does not require simple pass-through ViewModel tests.,Matches architecture business-logic layer.,No print usage found. Public API documentation appears incomplete (0/15 declarations with immediate doc comments).,low,0,0,0,0,0,15,0
Packages/EnsembleCore/Sources/ViewModels/PendingMutationsViewModel.swift,EnsembleCore,Package,Sources,Main-actor screen/view state and UI-facing actions,233,Combine; EnsemblePersistence; Foundation,struct PendingMutationRow; class PendingMutationsViewModel,"Implements PendingMutationRow, PendingMutationsViewModel for main-actor screen/view state and ui-facing actions.",0,,No immediate cleanup note from static scan; revisit when touching related behavior.,No obvious direct test file; project testing policy does not require simple pass-through ViewModel tests.,Matches architecture business-logic layer.,No print usage found. Public API documentation appears incomplete (4/14 declarations with immediate doc comments).,low,0,0,0,0,0,14,4
Packages/EnsembleCore/Sources/ViewModels/PinnedViewModel.swift,EnsembleCore,Package,Sources,Main-actor screen/view state and UI-facing actions,228,Combine; EnsemblePersistence; Foundation,enum ResolvedPin; class PinnedViewModel; struct GroupKey,"Implements ResolvedPin, PinnedViewModel, GroupKey for main-actor screen/view state and ui-facing actions.",0,,No immediate cleanup note from static scan; revisit when touching related behavior.,No obvious direct test file; project testing policy does not require simple pass-through ViewModel tests.,Matches architecture business-logic layer.,No print usage found. Public API documentation appears incomplete (8/12 declarations with immediate doc comments).,low,0,0,0,0,0,12,8
Packages/EnsembleCore/Sources/ViewModels/PlaylistViewModel.swift,EnsembleCore,Package,Sources,Main-actor screen/view state and UI-facing actions,939,Combine; EnsemblePersistence; Foundation,class PlaylistViewModel; class PlaylistDetailViewModel,"Implements PlaylistViewModel, PlaylistDetailViewModel for main-actor screen/view state and ui-facing actions.",0,,"Medium-large file: keep an eye on responsibility creep. | Review detached tasks for cancellation, actor isolation, and priority against subsystem policy.",Obvious related tests: Packages/EnsembleCore/Tests/PlaylistDetailViewModelTests.swift.,Matches architecture business-logic layer.,"No print usage found. Public API documentation appears incomplete (9/30 declarations with immediate doc comments). Large file; review cohesive type/extension boundaries over time. Task.detached usage should retain explicit priority, cancellation, and actor-isolation reasoning.",medium,0,0,2,0,0,30,9
Packages/EnsembleCore/Sources/ViewModels/SearchViewModel.swift,EnsembleCore,Package,Sources,Main-actor screen/view state and UI-facing actions,683,Combine; EnsembleAPI; EnsemblePersistence; Foundation,enum SearchSection; class SearchViewModel,"Implements SearchSection, SearchViewModel for main-actor screen/view state and ui-facing actions.",1,L57: // Legacy support,Medium-large file: keep an eye on responsibility creep. | Triage legacy/migration/deprecated markers before new work in this area.,"Obvious related tests: Packages/EnsembleCore/Tests/LibraryVisibilityProfileTests.swift, Packages/EnsembleCore/Tests/SearchSectionOrderingTests.swift.",Matches architecture business-logic layer. Contains migration/legacy/cleanup markers for follow-up triage.,No print usage found. Public API documentation appears incomplete (4/15 declarations with immediate doc comments).,medium,0,0,0,0,0,15,4
Packages/EnsembleCore/Sources/ViewModels/TrackActionDispatching.swift,EnsembleCore,Package,Sources,Main-actor screen/view state and UI-facing actions,29,Foundation,protocol TrackActionDispatching; extension NowPlayingViewModel,Implements TrackActionDispatching for main-actor screen/view state and ui-facing actions.,0,,No immediate cleanup note from static scan; revisit when touching related behavior.,No obvious direct test file; project testing policy does not require simple pass-through ViewModel tests.,Matches architecture business-logic layer.,No print usage found. Public API documentation appears incomplete (0/2 declarations with immediate doc comments).,low,0,0,0,0,0,2,0
Packages/EnsembleCore/Tests/AccountManagerAuthPolicyTests.swift,EnsembleCore,Package,Tests,Automated test coverage,89,EnsembleAPI; XCTest,class AccountManagerAuthPolicyTests; class TestKeychain,"Exercises AccountManagerAuthPolicyTests, TestKeychain behavior for regression coverage.",1,"L40: authToken: ""legacy-token"",",Triage legacy/migration/deprecated markers before new work in this area.,This is a test file.,Aligned with testing skill by preserving package-level regression coverage.,No print usage found. Naming/type structure generally follows Swift idioms from static inspection.,low,0,0,0,0,0,0,0
Packages/EnsembleCore/Tests/AccountManagerLibrarySyncTests.swift,EnsembleCore,Package,Tests,Automated test coverage,384,EnsembleAPI; XCTest,class AccountManagerLibrarySyncTests; struct RemoteSyncCredentialPayload; struct RemoteServerPayload; struct RemoteLibraryPayload; class TestKeychain,"Exercises AccountManagerLibrarySyncTests, RemoteSyncCredentialPayload, RemoteServerPayload, RemoteLibraryPayload behavior for regression coverage.",0,,No immediate cleanup note from static scan; revisit when touching related behavior.,This is a test file.,Aligned with testing skill by preserving package-level regression coverage.,No print usage found. Naming/type structure generally follows Swift idioms from static inspection.,low,0,0,0,0,0,0,0
Packages/EnsembleCore/Tests/AddPlexAccountViewModelTests.swift,EnsembleCore,Package,Tests,Automated test coverage,160,EnsembleAPI; EnsemblePersistence; XCTest,class AddPlexAccountViewModelTests; class TestKeychain; struct MockDiscoveryService,"Exercises AddPlexAccountViewModelTests, TestKeychain, MockDiscoveryService behavior for regression coverage.",0,,No immediate cleanup note from static scan; revisit when touching related behavior.,This is a test file.,Aligned with testing skill by preserving package-level regression coverage.,No print usage found. Naming/type structure generally follows Swift idioms from static inspection.,low,0,0,0,0,0,0,0
Packages/EnsembleCore/Tests/AppBootstrapDiagnosticsTests.swift,EnsembleCore,Package,Tests,Automated test coverage,105,XCTest,class AppBootstrapDiagnosticsTests; class LogSink,"Exercises AppBootstrapDiagnosticsTests, LogSink behavior for regression coverage.",0,,No immediate cleanup note from static scan; revisit when touching related behavior.,This is a test file.,Aligned with testing skill by preserving package-level regression coverage.,No print usage found. Naming/type structure generally follows Swift idioms from static inspection.,low,0,0,0,0,0,0,0
Packages/EnsembleCore/Tests/AudioAnalyzerTests.swift,EnsembleCore,Package,Tests,Automated test coverage,63,XCTest,class AudioAnalyzerTests,Exercises AudioAnalyzerTests behavior for regression coverage.,0,,No immediate cleanup note from static scan; revisit when touching related behavior.,This is a test file.,Aligned with testing skill by preserving package-level regression coverage.,No print usage found. Naming/type structure generally follows Swift idioms from static inspection.,low,0,0,0,0,0,0,0
Packages/EnsembleCore/Tests/BackgroundRefreshCoordinatorTests.swift,EnsembleCore,Package,Tests,Automated test coverage,99,XCTest,class BackgroundRefreshCoordinatorTests; enum TestError,"Exercises BackgroundRefreshCoordinatorTests, TestError behavior for regression coverage.",0,,No immediate cleanup note from static scan; revisit when touching related behavior.,This is a test file.,Aligned with testing skill by preserving package-level regression coverage.,No print usage found. Naming/type structure generally follows Swift idioms from static inspection.,low,0,0,0,0,0,0,0
Packages/EnsembleCore/Tests/DependencyContainerBootstrapStateTests.swift,EnsembleCore,Package,Tests,Automated test coverage,56,CloudKit; XCTest,class DependencyContainerBootstrapStateTests,Exercises DependencyContainerBootstrapStateTests behavior for regression coverage.,0,,No immediate cleanup note from static scan; revisit when touching related behavior.,This is a test file.,Aligned with testing skill by preserving package-level regression coverage.,No print usage found. Naming/type structure generally follows Swift idioms from static inspection.,low,0,0,0,0,0,0,0
Packages/EnsembleCore/Tests/DownloadMutationWorkflowTests.swift,EnsembleCore,Package,Tests,Automated test coverage,84,XCTest,class DownloadMutationWorkflowTests; class StubMutator,"Exercises DownloadMutationWorkflowTests, StubMutator behavior for regression coverage.",0,,No immediate cleanup note from static scan; revisit when touching related behavior.,This is a test file.,Aligned with testing skill by preserving package-level regression coverage.,No print usage found. Naming/type structure generally follows Swift idioms from static inspection.,low,0,0,0,0,0,0,0
Packages/EnsembleCore/Tests/DownloadQueueCoordinatorTests.swift,EnsembleCore,Package,Tests,Automated test coverage,117,XCTest,class DownloadQueueCoordinatorTests; class LockedBox,"Exercises DownloadQueueCoordinatorTests, LockedBox behavior for regression coverage.",0,,No immediate cleanup note from static scan; revisit when touching related behavior.,This is a test file.,Aligned with testing skill by preserving package-level regression coverage.,No print usage found. Naming/type structure generally follows Swift idioms from static inspection.,low,0,0,0,0,0,0,0
Packages/EnsembleCore/Tests/DownloadRetryPolicyTests.swift,EnsembleCore,Package,Tests,Automated test coverage,196,XCTest,class DownloadRetryPolicyTests,Exercises DownloadRetryPolicyTests behavior for regression coverage.,0,,No immediate cleanup note from static scan; revisit when touching related behavior.,This is a test file.,Aligned with testing skill by preserving package-level regression coverage.,No print usage found. Naming/type structure generally follows Swift idioms from static inspection.,low,0,0,0,0,0,0,0
Packages/EnsembleCore/Tests/DownloadTargetReconcilerTests.swift,EnsembleCore,Package,Tests,Automated test coverage,240,CoreData; XCTest,class DownloadTargetReconcilerTests; class LibraryRepositoryMock; class PlaylistRepositoryMock; class DownloadManagerMock; class TargetRepositoryMock,"Exercises DownloadTargetReconcilerTests, LibraryRepositoryMock, PlaylistRepositoryMock, DownloadManagerMock behavior for regression coverage.",0,,No immediate cleanup note from static scan; revisit when touching related behavior.,This is a test file.,Aligned with testing skill by preserving package-level regression coverage.,No print usage found. Naming/type structure generally follows Swift idioms from static inspection.,low,0,0,0,0,0,0,0
Packages/EnsembleCore/Tests/DownloadTransferExecutorTests.swift,EnsembleCore,Package,Tests,Automated test coverage,320,CoreData; EnsembleAPI; Foundation; XCTest,class DownloadTransferExecutorTests; class DownloadManagerMock; struct CompletionCall; class ArtworkDownloadManagerMock,"Exercises DownloadTransferExecutorTests, DownloadManagerMock, CompletionCall, ArtworkDownloadManagerMock behavior for regression coverage.",0,,No immediate cleanup note from static scan; revisit when touching related behavior.,This is a test file.,Aligned with testing skill by preserving package-level regression coverage.,No print usage found. Naming/type structure generally follows Swift idioms from static inspection.,low,0,0,0,0,0,0,0
Packages/EnsembleCore/Tests/HomeViewModelRefreshPolicyTests.swift,EnsembleCore,Package,Tests,Automated test coverage,710,EnsembleAPI; EnsemblePersistence; XCTest,class HomeViewModelRefreshPolicyTests; class TestKeychain; class MockLibraryRepository; class MockPlaylistRepository; class MockArtworkDownloadManager; class MockHubRepository; class MockHomeHubLoader; enum MockError; struct Harness,"Exercises HomeViewModelRefreshPolicyTests, TestKeychain, MockLibraryRepository, MockPlaylistRepository behavior for regression coverage.",0,,Medium-large file: keep an eye on responsibility creep.,This is a test file.,Aligned with testing skill by preserving package-level regression coverage.,No print usage found. Naming/type structure generally follows Swift idioms from static inspection.,low,0,0,0,0,0,0,0
Packages/EnsembleCore/Tests/HubRepositorySnapshotTests.swift,EnsembleCore,Package,Tests,Automated test coverage,165,EnsemblePersistence; XCTest,class HubRepositorySnapshotTests,Exercises HubRepositorySnapshotTests behavior for regression coverage.,1,"L35: try await repository.saveHubs([makeHub(id: ""legacy-hub"", context: nil)])",Triage legacy/migration/deprecated markers before new work in this area.,This is a test file.,Aligned with testing skill by preserving package-level regression coverage.,No print usage found. Naming/type structure generally follows Swift idioms from static inspection.,low,0,0,0,0,0,0,0
Packages/EnsembleCore/Tests/LibraryVisibilityProfileTests.swift,EnsembleCore,Package,Tests,Automated test coverage,141,XCTest,class LibraryVisibilityProfileTests,Exercises LibraryVisibilityProfileTests behavior for regression coverage.,0,,No immediate cleanup note from static scan; revisit when touching related behavior.,This is a test file.,Aligned with testing skill by preserving package-level regression coverage.,No print usage found. Naming/type structure generally follows Swift idioms from static inspection.,low,0,0,0,0,0,0,0
Packages/EnsembleCore/Tests/LyricsServiceTests.swift,EnsembleCore,Package,Tests,Automated test coverage,181,XCTest,class LRCParserTests,Exercises LRCParserTests behavior for regression coverage.,0,,No immediate cleanup note from static scan; revisit when touching related behavior.,This is a test file.,Aligned with testing skill by preserving package-level regression coverage.,No print usage found. Naming/type structure generally follows Swift idioms from static inspection.,low,0,0,0,0,0,0,0
Packages/EnsembleCore/Tests/MediaFilterEngineTests.swift,EnsembleCore,Package,Tests,Automated test coverage,171,XCTest,class MediaFilterEngineTests,Exercises MediaFilterEngineTests behavior for regression coverage.,0,,No immediate cleanup note from static scan; revisit when touching related behavior.,This is a test file.,Aligned with testing skill by preserving package-level regression coverage.,No print usage found. Naming/type structure generally follows Swift idioms from static inspection.,low,0,0,0,0,0,0,0
Packages/EnsembleCore/Tests/MediaFormattersTests.swift,EnsembleCore,Package,Tests,Automated test coverage,46,XCTest,class MediaFormattersTests,Exercises MediaFormattersTests behavior for regression coverage.,0,,No immediate cleanup note from static scan; revisit when touching related behavior.,This is a test file.,Aligned with testing skill by preserving package-level regression coverage.,No print usage found. Naming/type structure generally follows Swift idioms from static inspection.,low,0,0,0,0,0,0,0
Packages/EnsembleCore/Tests/MediaSourceIdentityTests.swift,EnsembleCore,Package,Tests,Automated test coverage,45,XCTest,class MediaSourceIdentityTests,Exercises MediaSourceIdentityTests behavior for regression coverage.,0,,No immediate cleanup note from static scan; revisit when touching related behavior.,This is a test file.,Aligned with testing skill by preserving package-level regression coverage.,No print usage found. Naming/type structure generally follows Swift idioms from static inspection.,low,0,0,0,0,0,0,0
Packages/EnsembleCore/Tests/MetadataMutationServiceTests.swift,EnsembleCore,Package,Tests,Automated test coverage,295,XCTest,class MetadataMutationServiceTests; struct Harness; class MockMetadataMutationClient; class TrackIDBox,"Exercises MetadataMutationServiceTests, Harness, MockMetadataMutationClient, TrackIDBox behavior for regression coverage.",0,,No immediate cleanup note from static scan; revisit when touching related behavior.,This is a test file.,Aligned with testing skill by preserving package-level regression coverage.,No print usage found. Naming/type structure generally follows Swift idioms from static inspection.,low,0,0,0,0,0,0,0
Packages/EnsembleCore/Tests/MetadataMutationWorkflowTests.swift,EnsembleCore,Package,Tests,Automated test coverage,184,XCTest,class MetadataMutationWorkflowTests; class StubMutator; enum TestError,"Exercises MetadataMutationWorkflowTests, StubMutator, TestError behavior for regression coverage.",0,,No immediate cleanup note from static scan; revisit when touching related behavior.,This is a test file.,Aligned with testing skill by preserving package-level regression coverage.,No print usage found. Naming/type structure generally follows Swift idioms from static inspection.,low,0,0,0,0,0,0,0
Packages/EnsembleCore/Tests/MusicSourceAccountDetailViewModelTests.swift,EnsembleCore,Package,Tests,Automated test coverage,676,EnsembleAPI; EnsemblePersistence; XCTest,class MusicSourceAccountDetailViewModelTests; class TestKeychain; class MockDiscoveryService; actor GatedDiscoveryService; class MockPendingMutationRepository; struct Harness,"Exercises MusicSourceAccountDetailViewModelTests, TestKeychain, MockDiscoveryService, GatedDiscoveryService behavior for regression coverage.",0,,Medium-large file: keep an eye on responsibility creep.,This is a test file.,Aligned with testing skill by preserving package-level regression coverage.,No print usage found. Naming/type structure generally follows Swift idioms from static inspection.,low,0,0,0,0,0,0,0
Packages/EnsembleCore/Tests/NavigationCoordinatorTests.swift,EnsembleCore,Package,Tests,Automated test coverage,67,XCTest,class NavigationCoordinatorTests,Exercises NavigationCoordinatorTests behavior for regression coverage.,0,,No immediate cleanup note from static scan; revisit when touching related behavior.,This is a test file.,Aligned with testing skill by preserving package-level regression coverage.,No print usage found. Naming/type structure generally follows Swift idioms from static inspection.,low,0,0,0,0,0,0,0
Packages/EnsembleCore/Tests/NetworkLifecycleControllerTests.swift,EnsembleCore,Package,Tests,Automated test coverage,78,XCTest,class NetworkLifecycleControllerTests,Exercises NetworkLifecycleControllerTests behavior for regression coverage.,0,,No immediate cleanup note from static scan; revisit when touching related behavior.,This is a test file.,Aligned with testing skill by preserving package-level regression coverage.,No print usage found. Naming/type structure generally follows Swift idioms from static inspection.,low,0,0,0,0,0,0,0
Packages/EnsembleCore/Tests/NetworkMonitorTests.swift,EnsembleCore,Package,Tests,Automated test coverage,96,Network; XCTest,class NetworkMonitorTests; class FakePathMonitor,"Exercises NetworkMonitorTests, FakePathMonitor behavior for regression coverage.",0,,No immediate cleanup note from static scan; revisit when touching related behavior.,This is a test file.,Aligned with testing skill by preserving package-level regression coverage.,No print usage found. Naming/type structure generally follows Swift idioms from static inspection.,low,0,0,0,0,0,0,0
Packages/EnsembleCore/Tests/NowPlayingViewModelFavoriteTests.swift,EnsembleCore,Package,Tests,Automated test coverage,563,Combine; EnsembleAPI; EnsemblePersistence; XCTest,class NowPlayingViewModelFavoriteTests; class TestKeychain; class MockPlaybackService; enum MockError; class MockLibraryRepository; class MockPlaylistRepository; class MockArtworkDownloadManager; class MockPendingMutationRepository; class MockDownloadManager; struct TestError,"Exercises NowPlayingViewModelFavoriteTests, TestKeychain, MockPlaybackService, MockError behavior for regression coverage.",0,,No immediate cleanup note from static scan; revisit when touching related behavior.,This is a test file.,Aligned with testing skill by preserving package-level regression coverage.,No print usage found. Naming/type structure generally follows Swift idioms from static inspection.,low,0,0,0,0,0,0,0
Packages/EnsembleCore/Tests/OfflineDownloadBackgroundCoordinatorTests.swift,EnsembleCore,Package,Tests,Automated test coverage,54,XCTest,class OfflineDownloadBackgroundCoordinatorTests,Exercises OfflineDownloadBackgroundCoordinatorTests behavior for regression coverage.,0,,No immediate cleanup note from static scan; revisit when touching related behavior.,This is a test file.,Aligned with testing skill by preserving package-level regression coverage.,No print usage found. Naming/type structure generally follows Swift idioms from static inspection.,low,0,0,0,0,0,0,0
Packages/EnsembleCore/Tests/OfflineDownloadCleanupCoordinatorTests.swift,EnsembleCore,Package,Tests,Automated test coverage,113,CoreData; XCTest,class OfflineDownloadCleanupCoordinatorTests; class DownloadManagerMock; class TargetRepositoryMock,"Exercises OfflineDownloadCleanupCoordinatorTests, DownloadManagerMock, TargetRepositoryMock behavior for regression coverage.",0,,No immediate cleanup note from static scan; revisit when touching related behavior.,This is a test file.,Aligned with testing skill by preserving package-level regression coverage.,No print usage found. Naming/type structure generally follows Swift idioms from static inspection.,low,0,0,0,0,0,0,0
Packages/EnsembleCore/Tests/OfflineDownloadNotificationBridgeTests.swift,EnsembleCore,Package,Tests,Automated test coverage,77,XCTest,class NotificationEventRecorder; class OfflineDownloadNotificationBridgeTests,"Exercises NotificationEventRecorder, OfflineDownloadNotificationBridgeTests behavior for regression coverage.",0,,No immediate cleanup note from static scan; revisit when touching related behavior.,This is a test file.,Aligned with testing skill by preserving package-level regression coverage.,No print usage found. Naming/type structure generally follows Swift idioms from static inspection.,low,0,0,0,0,0,0,0
Packages/EnsembleCore/Tests/OfflineDownloadServicePolicyTests.swift,EnsembleCore,Package,Tests,Automated test coverage,309,Combine; EnsembleAPI; EnsemblePersistence; XCTest,class OfflineDownloadServicePolicyTests; class TestKeychain; enum MockError; class MockLibraryRepository; class MockPlaylistRepository; class MockDownloadManager; class MockTargetRepository; class MockArtworkDownloadManager; class MockBackgroundExecutionCoordinator,"Exercises OfflineDownloadServicePolicyTests, TestKeychain, MockError, MockLibraryRepository behavior for regression coverage.",0,,No immediate cleanup note from static scan; revisit when touching related behavior.,This is a test file.,Aligned with testing skill by preserving package-level regression coverage.,No print usage found. Naming/type structure generally follows Swift idioms from static inspection.,low,0,0,0,0,0,0,0
Packages/EnsembleCore/Tests/PeriodicSyncControllerTests.swift,EnsembleCore,Package,Tests,Automated test coverage,73,XCTest,class PeriodicSyncControllerTests; class FakeTimer,"Exercises PeriodicSyncControllerTests, FakeTimer behavior for regression coverage.",0,,No immediate cleanup note from static scan; revisit when touching related behavior.,This is a test file.,Aligned with testing skill by preserving package-level regression coverage.,No print usage found. Naming/type structure generally follows Swift idioms from static inspection.,low,0,0,0,0,0,0,0
Packages/EnsembleCore/Tests/PinManagerSyncTests.swift,EnsembleCore,Package,Tests,Automated test coverage,84,XCTest,class PinManagerSyncTests,Exercises PinManagerSyncTests behavior for regression coverage.,0,,No immediate cleanup note from static scan; revisit when touching related behavior.,This is a test file.,Aligned with testing skill by preserving package-level regression coverage.,No print usage found. Naming/type structure generally follows Swift idioms from static inspection.,low,0,0,0,0,0,0,0
Packages/EnsembleCore/Tests/PinMutationWorkflowTests.swift,EnsembleCore,Package,Tests,Automated test coverage,103,XCTest,class PinMutationWorkflowTests,Exercises PinMutationWorkflowTests behavior for regression coverage.,0,,No immediate cleanup note from static scan; revisit when touching related behavior.,This is a test file.,Aligned with testing skill by preserving package-level regression coverage.,No print usage found. Naming/type structure generally follows Swift idioms from static inspection.,low,0,0,0,0,0,0,0
Packages/EnsembleCore/Tests/PlaybackAudioSessionCoordinatorTests.swift,EnsembleCore,Package,Tests,Automated test coverage,31,AVFoundation; XCTest,class PlaybackAudioSessionCoordinatorTests,Exercises PlaybackAudioSessionCoordinatorTests behavior for regression coverage.,0,,No immediate cleanup note from static scan; revisit when touching related behavior.,This is a test file.,Aligned with testing skill by preserving package-level regression coverage.,No print usage found. Naming/type structure generally follows Swift idioms from static inspection.,low,0,0,0,0,0,0,0
Packages/EnsembleCore/Tests/PlaybackHandoffCoordinatorTests.swift,EnsembleCore,Package,Tests,Automated test coverage,321,Foundation; XCTest,class PlaybackHandoffCoordinatorTests,Exercises PlaybackHandoffCoordinatorTests behavior for regression coverage.,0,,No immediate cleanup note from static scan; revisit when touching related behavior.,This is a test file.,Aligned with testing skill by preserving package-level regression coverage.,No print usage found. Naming/type structure generally follows Swift idioms from static inspection.,low,0,0,0,0,0,0,0
Packages/EnsembleCore/Tests/PlaybackLaunchCoordinatorTests.swift,EnsembleCore,Package,Tests,Automated test coverage,87,XCTest,class PlaybackLaunchCoordinatorTests; class LockedBox,"Exercises PlaybackLaunchCoordinatorTests, LockedBox behavior for regression coverage.",0,,No immediate cleanup note from static scan; revisit when touching related behavior.,This is a test file.,Aligned with testing skill by preserving package-level regression coverage.,No print usage found. Naming/type structure generally follows Swift idioms from static inspection.,low,0,0,0,0,0,0,0
Packages/EnsembleCore/Tests/PlaybackQueueStoreTests.swift,EnsembleCore,Package,Tests,Automated test coverage,75,XCTest,class PlaybackQueueStoreTests,Exercises PlaybackQueueStoreTests behavior for regression coverage.,2,"L40: let legacyTrack = makeTrack(id: ""legacy-track"") | L46: XCTAssertEqual(snapshot.queue.map(\.track.id), [""legacy-track""])",Triage legacy/migration/deprecated markers before new work in this area.,This is a test file.,Aligned with testing skill by preserving package-level regression coverage.,No print usage found. Naming/type structure generally follows Swift idioms from static inspection.,low,0,0,0,0,0,0,0
Packages/EnsembleCore/Tests/PlaybackRecoveryPolicyTests.swift,EnsembleCore,Package,Tests,Automated test coverage,64,XCTest,class PlaybackRecoveryPolicyTests,Exercises PlaybackRecoveryPolicyTests behavior for regression coverage.,0,,No immediate cleanup note from static scan; revisit when touching related behavior.,This is a test file.,Aligned with testing skill by preserving package-level regression coverage.,No print usage found. Naming/type structure generally follows Swift idioms from static inspection.,low,0,0,0,0,0,0,0
Packages/EnsembleCore/Tests/PlaybackResolvedFileCacheTests.swift,EnsembleCore,Package,Tests,Automated test coverage,50,XCTest,class PlaybackResolvedFileCacheTests,Exercises PlaybackResolvedFileCacheTests behavior for regression coverage.,0,,No immediate cleanup note from static scan; revisit when touching related behavior.,This is a test file.,Aligned with testing skill by preserving package-level regression coverage.,No print usage found. Naming/type structure generally follows Swift idioms from static inspection.,low,0,0,0,0,0,0,0
Packages/EnsembleCore/Tests/PlaybackServiceTests.swift,EnsembleCore,Package,Tests,Automated test coverage,1060,AVFoundation; XCTest,class PlaybackServiceTests,Exercises PlaybackServiceTests behavior for regression coverage.,0,,Large file: audit for nested helpers or policy seams that can move to existing shared owners.,This is a test file.,Aligned with testing skill by preserving package-level regression coverage.,No print usage found. Large file; review cohesive type/extension boundaries over time.,medium,0,0,0,0,0,0,0
Packages/EnsembleCore/Tests/PlaybackSessionStateMachineTests.swift,EnsembleCore,Package,Tests,Automated test coverage,89,XCTest,class PlaybackSessionStateMachineTests,Exercises PlaybackSessionStateMachineTests behavior for regression coverage.,0,,No immediate cleanup note from static scan; revisit when touching related behavior.,This is a test file.,Aligned with testing skill by preserving package-level regression coverage.,No print usage found. Naming/type structure generally follows Swift idioms from static inspection.,low,0,0,0,0,0,0,0
Packages/EnsembleCore/Tests/PlaybackStartupCoordinatorTests.swift,EnsembleCore,Package,Tests,Automated test coverage,103,XCTest,class PlaybackStartupCoordinatorTests,Exercises PlaybackStartupCoordinatorTests behavior for regression coverage.,0,,No immediate cleanup note from static scan; revisit when touching related behavior.,This is a test file.,Aligned with testing skill by preserving package-level regression coverage.,No print usage found. Naming/type structure generally follows Swift idioms from static inspection.,low,0,0,0,0,0,0,0
Packages/EnsembleCore/Tests/PlaybackTransportCoordinatorTests.swift,EnsembleCore,Package,Tests,Automated test coverage,135,EnsembleAPI; XCTest,class PlaybackTransportCoordinatorTests; class LockedCounter,"Exercises PlaybackTransportCoordinatorTests, LockedCounter behavior for regression coverage.",0,,No immediate cleanup note from static scan; revisit when touching related behavior.,This is a test file.,Aligned with testing skill by preserving package-level regression coverage.,No print usage found. Naming/type structure generally follows Swift idioms from static inspection.,low,0,0,0,0,0,0,0
Packages/EnsembleCore/Tests/PlaylistActionServiceTests.swift,EnsembleCore,Package,Tests,Automated test coverage,70,XCTest,class PlaylistActionServiceTests,Exercises PlaylistActionServiceTests behavior for regression coverage.,0,,No immediate cleanup note from static scan; revisit when touching related behavior.,This is a test file.,Aligned with testing skill by preserving package-level regression coverage.,No print usage found. Naming/type structure generally follows Swift idioms from static inspection.,low,0,0,0,0,0,0,0
Packages/EnsembleCore/Tests/PlaylistDetailViewModelTests.swift,EnsembleCore,Package,Tests,Automated test coverage,592,CoreData; EnsembleAPI; EnsemblePersistence; XCTest,class PlaylistDetailViewModelTests; class TestKeychain; class MockLibraryRepository; class MockPlaylistRepository; class MockArtworkDownloadManager; class MockPendingMutationRepository; enum MockError,"Exercises PlaylistDetailViewModelTests, TestKeychain, MockLibraryRepository, MockPlaylistRepository behavior for regression coverage.",0,,No immediate cleanup note from static scan; revisit when touching related behavior.,This is a test file.,Aligned with testing skill by preserving package-level regression coverage.,No print usage found. Naming/type structure generally follows Swift idioms from static inspection.,low,0,0,0,0,0,0,0
Packages/EnsembleCore/Tests/PlaylistDropResolverTests.swift,EnsembleCore,Package,Tests,Automated test coverage,206,XCTest,class PlaylistDropResolverTests,Exercises PlaylistDropResolverTests behavior for regression coverage.,0,,No immediate cleanup note from static scan; revisit when touching related behavior.,This is a test file.,Aligned with testing skill by preserving package-level regression coverage.,No print usage found. Naming/type structure generally follows Swift idioms from static inspection.,low,0,0,0,0,0,0,0
Packages/EnsembleCore/Tests/PlaylistMutationControllerTests.swift,EnsembleCore,Package,Tests,Automated test coverage,231,XCTest,class PlaylistMutationControllerTests,Exercises PlaylistMutationControllerTests behavior for regression coverage.,0,,No immediate cleanup note from static scan; revisit when touching related behavior.,This is a test file.,Aligned with testing skill by preserving package-level regression coverage.,No print usage found. Naming/type structure generally follows Swift idioms from static inspection.,low,0,0,0,0,0,0,0
Packages/EnsembleCore/Tests/PlaylistMutationWorkflowTests.swift,EnsembleCore,Package,Tests,Automated test coverage,376,XCTest,class PlaylistMutationWorkflowTests; class StubMutator; enum TestError,"Exercises PlaylistMutationWorkflowTests, StubMutator, TestError behavior for regression coverage.",0,,No immediate cleanup note from static scan; revisit when touching related behavior.,This is a test file.,Aligned with testing skill by preserving package-level regression coverage.,No print usage found. Naming/type structure generally follows Swift idioms from static inspection.,low,0,0,0,0,0,0,0
Packages/EnsembleCore/Tests/PlaylistRefreshControllerTests.swift,EnsembleCore,Package,Tests,Automated test coverage,111,EnsemblePersistence; XCTest,class PlaylistRefreshControllerTests; class MockPlaylistRepository; struct MockProvider; enum TestError,"Exercises PlaylistRefreshControllerTests, MockPlaylistRepository, MockProvider, TestError behavior for regression coverage.",0,,No immediate cleanup note from static scan; revisit when touching related behavior.,This is a test file.,Aligned with testing skill by preserving package-level regression coverage.,No print usage found. Naming/type structure generally follows Swift idioms from static inspection.,low,0,0,0,0,0,0,0
Packages/EnsembleCore/Tests/PlexAccountDiscoveryServiceTests.swift,EnsembleCore,Package,Tests,Automated test coverage,293,EnsembleAPI; XCTest,class PlexAccountDiscoveryServiceTests; struct MockClient; enum MockError,"Exercises PlexAccountDiscoveryServiceTests, MockClient, MockError behavior for regression coverage.",0,,No immediate cleanup note from static scan; revisit when touching related behavior.,This is a test file.,Aligned with testing skill by preserving package-level regression coverage.,No print usage found. Naming/type structure generally follows Swift idioms from static inspection.,low,0,0,0,0,0,0,0
Packages/EnsembleCore/Tests/PlexWebSocketCoordinatorTests.swift,EnsembleCore,Package,Tests,Automated test coverage,61,EnsembleAPI; XCTest,class PlexWebSocketCoordinatorTests; class TestKeychain,"Exercises PlexWebSocketCoordinatorTests, TestKeychain behavior for regression coverage.",0,,No immediate cleanup note from static scan; revisit when touching related behavior.,This is a test file.,Aligned with testing skill by preserving package-level regression coverage.,No print usage found. Naming/type structure generally follows Swift idioms from static inspection.,low,0,0,0,0,0,0,0
Packages/EnsembleCore/Tests/QueueManagerTests.swift,EnsembleCore,Package,Tests,Automated test coverage,1177,XCTest,class QueueSetupTests; class QueueNavigationTests; class QueueManipulationTests; class QueueReorderTests; class QueueSectionsTests; class ShuffleTests; class AutoplayTests; class FlattenAutoplayTests; class HistoryTests; class RepeatModeTests; class QueueIntegrationTests,"Exercises QueueSetupTests, QueueNavigationTests, QueueManipulationTests, QueueReorderTests behavior for regression coverage.",0,,Large file: audit for nested helpers or policy seams that can move to existing shared owners.,This is a test file.,Aligned with testing skill by preserving package-level regression coverage.,No print usage found. Large file; review cohesive type/extension boundaries over time.,medium,0,0,0,0,0,0,0
Packages/EnsembleCore/Tests/RefreshOrchestratorTests.swift,EnsembleCore,Package,Tests,Automated test coverage,210,XCTest,class RefreshOrchestratorTests,Exercises RefreshOrchestratorTests behavior for regression coverage.,0,,No immediate cleanup note from static scan; revisit when touching related behavior.,This is a test file.,Aligned with testing skill by preserving package-level regression coverage.,No print usage found. Naming/type structure generally follows Swift idioms from static inspection.,low,0,0,0,0,0,0,0
Packages/EnsembleCore/Tests/SearchSectionOrderingTests.swift,EnsembleCore,Package,Tests,Automated test coverage,30,XCTest,class SearchSectionOrderingTests,Exercises SearchSectionOrderingTests behavior for regression coverage.,0,,No immediate cleanup note from static scan; revisit when touching related behavior.,This is a test file.,Aligned with testing skill by preserving package-level regression coverage.,No print usage found. Naming/type structure generally follows Swift idioms from static inspection.,low,0,0,0,0,0,0,0
Packages/EnsembleCore/Tests/ServerConnectionControllerTests.swift,EnsembleCore,Package,Tests,Automated test coverage,160,EnsembleAPI; XCTest,class ServerConnectionControllerTests; class TestKeychain,"Exercises ServerConnectionControllerTests, TestKeychain behavior for regression coverage.",0,,No immediate cleanup note from static scan; revisit when touching related behavior.,This is a test file.,Aligned with testing skill by preserving package-level regression coverage.,No print usage found. Naming/type structure generally follows Swift idioms from static inspection.,low,0,0,0,0,0,0,0
Packages/EnsembleCore/Tests/ServerHealthCheckerClassificationTests.swift,EnsembleCore,Package,Tests,Automated test coverage,116,XCTest,class ServerHealthCheckerClassificationTests; class TestKeychain,"Exercises ServerHealthCheckerClassificationTests, TestKeychain behavior for regression coverage.",0,,No immediate cleanup note from static scan; revisit when touching related behavior.,This is a test file.,Aligned with testing skill by preserving package-level regression coverage.,No print usage found. Naming/type structure generally follows Swift idioms from static inspection.,low,0,0,0,0,0,0,0
Packages/EnsembleCore/Tests/SettingsManagerConnectionPolicyTests.swift,EnsembleCore,Package,Tests,Automated test coverage,56,XCTest,class SettingsManagerConnectionPolicyTests,Exercises SettingsManagerConnectionPolicyTests behavior for regression coverage.,0,,No immediate cleanup note from static scan; revisit when touching related behavior.,This is a test file.,Aligned with testing skill by preserving package-level regression coverage.,No print usage found. Naming/type structure generally follows Swift idioms from static inspection.,low,0,0,0,0,0,0,0
Packages/EnsembleCore/Tests/ShareServiceTests.swift,EnsembleCore,Package,Tests,Automated test coverage,186,XCTest,class ShareServiceTests,Exercises ShareServiceTests behavior for regression coverage.,0,,No immediate cleanup note from static scan; revisit when touching related behavior.,This is a test file.,Aligned with testing skill by preserving package-level regression coverage.,No print usage found. Naming/type structure generally follows Swift idioms from static inspection.,low,0,0,0,0,0,0,0
Packages/EnsembleCore/Tests/SiriIntentPayloadTests.swift,EnsembleCore,Package,Tests,Automated test coverage,38,XCTest,class SiriIntentPayloadTests,Exercises SiriIntentPayloadTests behavior for regression coverage.,0,,No immediate cleanup note from static scan; revisit when touching related behavior.,This is a test file.,Aligned with testing skill by preserving package-level regression coverage.,No print usage found. Naming/type structure generally follows Swift idioms from static inspection.,low,0,0,0,0,0,0,0
Packages/EnsembleCore/Tests/SiriPlaybackCoordinatorTests.swift,EnsembleCore,Package,Tests,Automated test coverage,421,Combine; EnsembleAPI; EnsemblePersistence; XCTest,class SiriPlaybackCoordinatorTests; class TestKeychain; class RecordingPlaybackService; struct Fixture,"Exercises SiriPlaybackCoordinatorTests, TestKeychain, RecordingPlaybackService, Fixture behavior for regression coverage.",0,,No immediate cleanup note from static scan; revisit when touching related behavior.,This is a test file.,Aligned with testing skill by preserving package-level regression coverage.,No print usage found. Naming/type structure generally follows Swift idioms from static inspection.,low,0,0,0,0,0,0,0
Packages/EnsembleCore/Tests/SongLinkServiceTests.swift,EnsembleCore,Package,Tests,Automated test coverage,206,XCTest,class MockMusicCatalogSearcher; class MockSongLinkURLProtocol; class SongLinkServiceTests,"Exercises MockMusicCatalogSearcher, MockSongLinkURLProtocol, SongLinkServiceTests behavior for regression coverage.",0,,No immediate cleanup note from static scan; revisit when touching related behavior.,This is a test file.,Aligned with testing skill by preserving package-level regression coverage.,No print usage found. Naming/type structure generally follows Swift idioms from static inspection.,low,0,0,0,0,0,0,0
Packages/EnsembleCore/Tests/SyncCoordinatorNetworkHealthTests.swift,EnsembleCore,Package,Tests,Automated test coverage,540,EnsembleAPI; EnsemblePersistence; XCTest,class SyncCoordinatorNetworkHealthTests; class TestKeychain; class MockLibraryRepository; class MockPlaylistRepository; class MockArtworkDownloadManager; struct MockSyncProvider; enum MockError; class ServerHealthCheckerCachePolicyTests; class TestKeychain,"Exercises SyncCoordinatorNetworkHealthTests, TestKeychain, MockLibraryRepository, MockPlaylistRepository behavior for regression coverage.",0,,No immediate cleanup note from static scan; revisit when touching related behavior.,This is a test file.,Aligned with testing skill by preserving package-level regression coverage.,No print usage found. Naming/type structure generally follows Swift idioms from static inspection.,low,0,0,0,0,0,0,0
Packages/EnsembleCore/Tests/SyncCoordinatorPlaylistMutationTests.swift,EnsembleCore,Package,Tests,Automated test coverage,254,EnsembleAPI; EnsemblePersistence; XCTest,class SyncCoordinatorPlaylistMutationTests; class TestKeychain; class MockLibraryRepository; class MockPlaylistRepository; class MockArtworkDownloadManager; enum MockError,"Exercises SyncCoordinatorPlaylistMutationTests, TestKeychain, MockLibraryRepository, MockPlaylistRepository behavior for regression coverage.",0,,No immediate cleanup note from static scan; revisit when touching related behavior.,This is a test file.,Aligned with testing skill by preserving package-level regression coverage.,No print usage found. Naming/type structure generally follows Swift idioms from static inspection.,low,0,0,0,0,0,0,0
Packages/EnsembleCore/Tests/SyncCoordinatorStartupRepairTests.swift,EnsembleCore,Package,Tests,Automated test coverage,344,EnsembleAPI; EnsemblePersistence; XCTest,class SyncCoordinatorStartupRepairTests; class TestKeychain; class MockPlaylistRepository; class MockArtworkDownloadManager; class RecordingSyncProvider; enum MockError,"Exercises SyncCoordinatorStartupRepairTests, TestKeychain, MockPlaylistRepository, MockArtworkDownloadManager behavior for regression coverage.",0,,No immediate cleanup note from static scan; revisit when touching related behavior.,This is a test file.,Aligned with testing skill by preserving package-level regression coverage.,No print usage found. Naming/type structure generally follows Swift idioms from static inspection.,low,0,0,0,0,0,0,0
Packages/EnsembleCore/Tests/SyncSettingsManagerTests.swift,EnsembleCore,Package,Tests,Automated test coverage,202,XCTest,class SyncSettingsManagerTests,Exercises SyncSettingsManagerTests behavior for regression coverage.,0,,No immediate cleanup note from static scan; revisit when touching related behavior.,This is a test file.,Aligned with testing skill by preserving package-level regression coverage.,No print usage found. Naming/type structure generally follows Swift idioms from static inspection.,low,0,0,0,0,0,0,0
Packages/EnsembleCore/Tests/TrackRatingMutationWorkflowTests.swift,EnsembleCore,Package,Tests,Automated test coverage,93,XCTest,class TrackRatingMutationWorkflowTests; class StubMutator; enum TestError,"Exercises TrackRatingMutationWorkflowTests, StubMutator, TestError behavior for regression coverage.",0,,No immediate cleanup note from static scan; revisit when touching related behavior.,This is a test file.,Aligned with testing skill by preserving package-level regression coverage.,No print usage found. Naming/type structure generally follows Swift idioms from static inspection.,low,0,0,0,0,0,0,0
Packages/EnsembleCore/Tests/TrackSwipeLayoutTests.swift,EnsembleCore,Package,Tests,Automated test coverage,47,XCTest,class TrackSwipeLayoutTests,Exercises TrackSwipeLayoutTests behavior for regression coverage.,0,,No immediate cleanup note from static scan; revisit when touching related behavior.,This is a test file.,Aligned with testing skill by preserving package-level regression coverage.,No print usage found. Naming/type structure generally follows Swift idioms from static inspection.,low,0,0,0,0,0,0,0
Packages/EnsembleCore/Tests/UserProfileTests.swift,EnsembleCore,Package,Tests,Automated test coverage,134,XCTest,class UserProfileTests,Exercises UserProfileTests behavior for regression coverage.,0,,No immediate cleanup note from static scan; revisit when touching related behavior.,This is a test file.,Aligned with testing skill by preserving package-level regression coverage.,No print usage found. Naming/type structure generally follows Swift idioms from static inspection.,low,0,0,0,0,0,0,0
Packages/EnsembleCore/Tests/WebSocketSyncControllerTests.swift,EnsembleCore,Package,Tests,Automated test coverage,175,EnsembleAPI; EnsemblePersistence; Foundation; Testing,struct WebSocketSyncControllerTests; class MockWebSocketProvider; class MockPlaylistRepository,"Exercises WebSocketSyncControllerTests, MockWebSocketProvider, MockPlaylistRepository behavior for regression coverage.",0,,No immediate cleanup note from static scan; revisit when touching related behavior.,This is a test file.,Aligned with testing skill by preserving package-level regression coverage.,No print usage found. Naming/type structure generally follows Swift idioms from static inspection.,low,0,0,0,0,0,0,0
Packages/EnsemblePersistence/Package.swift,EnsemblePersistence,Package,Package manifest,Swift package manifest and dependency/platform declaration,35,PackageDescription,,"Declares the EnsemblePersistence Swift package platforms, products, dependencies, targets, and tests.",0,,No immediate cleanup note from static scan; revisit when touching related behavior.,Covered indirectly by package build/test resolution.,Aligned with layered package architecture and iOS 15/macOS 12/watchOS 8 platform baseline.,No print usage found. Naming/type structure generally follows Swift idioms from static inspection.,low,0,0,0,0,0,0,0
Packages/EnsemblePersistence/Sources/CoreData/CoreDataStack.swift,EnsemblePersistence,Package,Sources,"CoreData stack, schema-facing managed objects, and model loading",143,CoreData; Foundation,class CoreDataStack,"Implements CoreDataStack for coredata stack, schema-facing managed objects, and model loading.",0,,Move diagnostic logger calls out from #if DEBUG unless surrounding code must be debug-only.,"Obvious related tests: Packages/EnsembleCore/Tests/AddPlexAccountViewModelTests.swift, Packages/EnsembleCore/Tests/DownloadTargetReconcilerTests.swift, Packages/EnsembleCore/Tests/DownloadTransferExecutorTests.swift, Packages/EnsembleCore/Tests/MetadataMutationServiceTests.swift (+8 more).",Matches architecture persistence layer. Needs logging-policy review: logger calls appear inside #if DEBUG.,No print usage found. Public API documentation appears incomplete (1/7 declarations with immediate doc comments).,low,0,1,0,0,0,7,1
Packages/EnsemblePersistence/Sources/CoreData/ManagedObjects.swift,EnsemblePersistence,Package,Sources,"CoreData stack, schema-facing managed objects, and model loading",477,CoreData; Foundation,class CDMusicSource; extension CDMusicSource; class CDServer; extension CDServer; class CDArtist; extension CDArtist; class CDAlbum; extension CDAlbum; class CDTrack; extension CDTrack; class CDPlaylist; extension CDPlaylist; class CDPlaylistTrack; extension CDPlaylistTrack; class CDDownload; class CDOfflineDownloadTarget,"Implements CDMusicSource, CDServer, CDArtist, CDAlbum for coredata stack, schema-facing managed objects, and model loading.",0,,Move diagnostic logger calls out from #if DEBUG unless surrounding code must be debug-only.,"Obvious related tests: Packages/EnsembleCore/Tests/DownloadTargetReconcilerTests.swift, Packages/EnsembleCore/Tests/DownloadTransferExecutorTests.swift, Packages/EnsembleCore/Tests/HomeViewModelRefreshPolicyTests.swift, Packages/EnsembleCore/Tests/NowPlayingViewModelFavoriteTests.swift (+8 more).",Matches architecture persistence layer. Needs logging-policy review: logger calls appear inside #if DEBUG.,No print usage found. Public API documentation appears incomplete (1/35 declarations with immediate doc comments).,low,0,1,0,0,0,35,1
Packages/EnsemblePersistence/Sources/Downloads/ArtworkDownloadManager.swift,EnsemblePersistence,Package,Sources,Persistent download/artwork file management,241,CoreData; Foundation,enum ArtworkDownloadError; enum ArtworkType; protocol ArtworkDownloadManagerProtocol; class ArtworkDownloadManager,"Implements ArtworkDownloadError, ArtworkType, ArtworkDownloadManagerProtocol, ArtworkDownloadManager for persistent download/artwork file management.",2,L71: // Deprecated - use downloadAndCacheArtwork(from:ratingKey:type:) directly from SyncCoordinator | L89: // Deprecated - use downloadAndCacheArtwork(from:ratingKey:type:) directly from SyncCoordinator,Triage legacy/migration/deprecated markers before new work in this area.,"Obvious related tests: Packages/EnsembleCore/Tests/AddPlexAccountViewModelTests.swift, Packages/EnsembleCore/Tests/DownloadTransferExecutorTests.swift, Packages/EnsembleCore/Tests/HomeViewModelRefreshPolicyTests.swift, Packages/EnsembleCore/Tests/MetadataMutationServiceTests.swift (+7 more).",Matches architecture persistence layer. Contains migration/legacy/cleanup markers for follow-up triage.,No print usage found. Public API documentation appears incomplete (5/16 declarations with immediate doc comments).,medium,0,0,0,0,0,16,5
Packages/EnsemblePersistence/Sources/Downloads/DownloadManager.swift,EnsemblePersistence,Package,Sources,Persistent download/artwork file management,936,CoreData; Foundation,enum DownloadError; protocol DownloadManagerProtocol; extension DownloadManagerProtocol; class DownloadManager,"Implements DownloadError, DownloadManagerProtocol, DownloadManager for persistent download/artwork file management.",4,L128: // Migrate legacy absolute paths to filename-only storage. | L737: // Migrate legacy absolute paths to filename-only. | L887: /// filename or a legacy absolute/file-URL path. | L901: /// Resolve a stored path (filename or legacy absolute path) to a validated,Medium-large file: keep an eye on responsibility creep. | Triage legacy/migration/deprecated markers before new work in this area.,"Obvious related tests: Packages/EnsembleCore/Tests/DownloadTargetReconcilerTests.swift, Packages/EnsembleCore/Tests/DownloadTransferExecutorTests.swift, Packages/EnsembleCore/Tests/MetadataMutationServiceTests.swift, Packages/EnsembleCore/Tests/NowPlayingViewModelFavoriteTests.swift (+3 more).",Matches architecture persistence layer. Contains migration/legacy/cleanup markers for follow-up triage.,No print usage found. Public API documentation appears incomplete (0/28 declarations with immediate doc comments). Large file; review cohesive type/extension boundaries over time.,medium,0,0,0,0,0,28,0
Packages/EnsemblePersistence/Sources/Downloads/OfflineDownloadTargetRepository.swift,EnsemblePersistence,Package,Sources,Persistent download/artwork file management,474,CoreData; Foundation,struct OfflineTrackReference; protocol OfflineDownloadTargetRepositoryProtocol; class OfflineDownloadTargetRepository,"Implements OfflineTrackReference, OfflineDownloadTargetRepositoryProtocol, OfflineDownloadTargetRepository for persistent download/artwork file management.",0,,No immediate cleanup note from static scan; revisit when touching related behavior.,"Obvious related tests: Packages/EnsembleCore/Tests/DownloadTargetReconcilerTests.swift, Packages/EnsembleCore/Tests/DownloadTransferExecutorTests.swift, Packages/EnsembleCore/Tests/MetadataMutationServiceTests.swift, Packages/EnsembleCore/Tests/NowPlayingViewModelFavoriteTests.swift (+3 more).",Matches architecture persistence layer.,No print usage found. Public API documentation appears incomplete (0/22 declarations with immediate doc comments).,low,0,0,0,0,0,22,0
Packages/EnsemblePersistence/Sources/EnsembleLogger.swift,EnsemblePersistence,Package,Sources,Persistence package public exports and logging,19,OSLog,enum EnsembleLogger,Implements EnsembleLogger for persistence package public exports and logging.,0,,No immediate cleanup note from static scan; revisit when touching related behavior.,No obvious direct package test signal found by static name/content scan.,Matches architecture persistence layer.,No print usage found. Public declarations appear documented by immediate doc comments.,low,0,0,0,0,0,1,1
Packages/EnsemblePersistence/Sources/EnsemblePersistence.swift,EnsemblePersistence,Package,Sources,Persistence package public exports and logging,4,,,Provides Ensemble Persistence support for persistence package public exports and logging.,0,,No immediate cleanup note from static scan; revisit when touching related behavior.,No obvious direct package test signal found by static name/content scan.,Matches architecture persistence layer.,No print usage found. Naming/type structure generally follows Swift idioms from static inspection.,low,0,0,0,0,0,0,0
Packages/EnsemblePersistence/Sources/Repositories/LibraryRepository.swift,EnsemblePersistence,Package,Sources,CoreData repository persistence operations,2044,CoreData; Foundation,struct ArtistUpsertInput; struct AlbumUpsertInput; struct TrackUpsertInput; struct TrackReparentInfo; struct GenreCoverageStats; protocol LibraryRepositoryProtocol; extension LibraryRepositoryProtocol; extension LibraryRepositoryProtocol; class LibraryRepository; extension LibraryRepository,"Implements ArtistUpsertInput, AlbumUpsertInput, TrackUpsertInput, TrackReparentInfo for coredata repository persistence operations.",0,,Very large file: plan staged extraction around one stable responsibility at a time. | Move diagnostic logger calls out from #if DEBUG unless surrounding code must be debug-only.,"Obvious related tests: Packages/EnsembleCore/Tests/DownloadTargetReconcilerTests.swift, Packages/EnsembleCore/Tests/HomeViewModelRefreshPolicyTests.swift, Packages/EnsembleCore/Tests/NowPlayingViewModelFavoriteTests.swift, Packages/EnsembleCore/Tests/OfflineDownloadServicePolicyTests.swift (+7 more).","Matches architecture persistence layer. Needs logging-policy review: logger calls appear inside #if DEBUG. Oversized responsibility surface remains a skill-aligned cleanup candidate, not a behavior bug by itself.",No print usage found. Public API documentation appears incomplete (13/114 declarations with immediate doc comments). File size is far beyond common maintainability norms; prefer cohesive APIs and smaller responsibility boundaries.,high,0,3,0,0,0,114,13
Packages/EnsemblePersistence/Sources/Repositories/PendingMutationRepository.swift,EnsemblePersistence,Package,Sources,CoreData repository persistence operations,207,CoreData; Foundation,protocol PendingMutationRepositoryProtocol; class PendingMutationRepository,"Implements PendingMutationRepositoryProtocol, PendingMutationRepository for coredata repository persistence operations.",0,,No immediate cleanup note from static scan; revisit when touching related behavior.,"Obvious related tests: Packages/EnsembleCore/Tests/MusicSourceAccountDetailViewModelTests.swift, Packages/EnsembleCore/Tests/NowPlayingViewModelFavoriteTests.swift, Packages/EnsembleCore/Tests/PlaylistDetailViewModelTests.swift.",Matches architecture persistence layer.,No print usage found. Public API documentation appears incomplete (9/12 declarations with immediate doc comments).,low,0,0,0,0,0,12,9
Packages/EnsemblePersistence/Sources/Repositories/PlaylistRepository.swift,EnsemblePersistence,Package,Sources,CoreData repository persistence operations,440,CoreData; Foundation,protocol PlaylistRepositoryProtocol; class PlaylistRepository,"Implements PlaylistRepositoryProtocol, PlaylistRepository for coredata repository persistence operations.",0,,Move diagnostic logger calls out from #if DEBUG unless surrounding code must be debug-only.,"Obvious related tests: Packages/EnsembleCore/Tests/AddPlexAccountViewModelTests.swift, Packages/EnsembleCore/Tests/DownloadTargetReconcilerTests.swift, Packages/EnsembleCore/Tests/HomeViewModelRefreshPolicyTests.swift, Packages/EnsembleCore/Tests/MusicSourceAccountDetailViewModelTests.swift (+10 more).",Matches architecture persistence layer. Needs logging-policy review: logger calls appear inside #if DEBUG.,No print usage found. Public API documentation appears incomplete (1/16 declarations with immediate doc comments).,low,0,2,0,0,0,16,1
Packages/EnsemblePersistence/Tests/DownloadManagerTests.swift,EnsemblePersistence,Package,Tests,Automated test coverage,174,XCTest,class DownloadManagerTests,Exercises DownloadManagerTests behavior for regression coverage.,0,,No immediate cleanup note from static scan; revisit when touching related behavior.,This is a test file.,Aligned with testing skill by preserving package-level regression coverage.,No print usage found. Naming/type structure generally follows Swift idioms from static inspection.,low,0,0,0,0,0,0,0
Packages/EnsemblePersistence/Tests/LibraryRepositoryTests.swift,EnsemblePersistence,Package,Tests,Automated test coverage,16,XCTest,class LibraryRepositoryTests,Exercises LibraryRepositoryTests behavior for regression coverage.,0,,No immediate cleanup note from static scan; revisit when touching related behavior.,This is a test file.,Aligned with testing skill by preserving package-level regression coverage.,No print usage found. Naming/type structure generally follows Swift idioms from static inspection.,low,0,0,0,0,0,0,0
Packages/EnsemblePersistence/Tests/OfflineDownloadTargetRepositoryTests.swift,EnsemblePersistence,Package,Tests,Automated test coverage,118,XCTest,class OfflineDownloadTargetRepositoryTests,Exercises OfflineDownloadTargetRepositoryTests behavior for regression coverage.,0,,No immediate cleanup note from static scan; revisit when touching related behavior.,This is a test file.,Aligned with testing skill by preserving package-level regression coverage.,No print usage found. Naming/type structure generally follows Swift idioms from static inspection.,low,0,0,0,0,0,0,0
Packages/EnsemblePersistence/Tests/PlaylistRepositoryTests.swift,EnsemblePersistence,Package,Tests,Automated test coverage,10,XCTest,class PlaylistRepositoryTests,Exercises PlaylistRepositoryTests behavior for regression coverage.,0,,No immediate cleanup note from static scan; revisit when touching related behavior.,This is a test file.,Aligned with testing skill by preserving package-level regression coverage.,No print usage found. Naming/type structure generally follows Swift idioms from static inspection.,low,0,0,0,0,0,0,0
Packages/EnsembleSiriShared/Package.swift,EnsembleSiriShared,Package,Package manifest,Swift package manifest and dependency/platform declaration,29,PackageDescription,,"Declares the EnsembleSiriShared Swift package platforms, products, dependencies, targets, and tests.",0,,No immediate cleanup note from static scan; revisit when touching related behavior.,Covered indirectly by package build/test resolution.,Aligned with layered package architecture and iOS 15/macOS 12/watchOS 8 platform baseline.,No print usage found. Naming/type structure generally follows Swift idioms from static inspection.,low,0,0,0,0,0,0,0
Packages/EnsembleSiriShared/Sources/SiriMatching.swift,EnsembleSiriShared,Package,Sources,"Pure Siri phrase normalization, App Group constants, and candidate scoring",188,Foundation,enum SiriSharedConstants; enum SiriPhraseNormalizer; enum SiriMatchScorer,"Implements SiriSharedConstants, SiriPhraseNormalizer, SiriMatchScorer for pure siri phrase normalization, app group constants, and candidate scoring.",0,,No immediate cleanup note from static scan; revisit when touching related behavior.,Obvious related tests: Packages/EnsembleSiriShared/Tests/SiriMatchingTests.swift.,Matches shared Siri target rule: pure matching/index constants without UI/CoreData dependencies.,No print usage found. Public declarations appear documented by immediate doc comments.,low,0,0,0,0,0,3,3
Packages/EnsembleSiriShared/Tests/SiriMatchingTests.swift,EnsembleSiriShared,Package,Tests,Automated test coverage,37,XCTest,class SiriMatchingTests,Exercises SiriMatchingTests behavior for regression coverage.,0,,No immediate cleanup note from static scan; revisit when touching related behavior.,This is a test file.,Aligned with testing skill by preserving package-level regression coverage.,No print usage found. Naming/type structure generally follows Swift idioms from static inspection.,low,0,0,0,0,0,0,0
Packages/EnsembleUI/Package.swift,EnsembleUI,Package,Package manifest,Swift package manifest and dependency/platform declaration,37,PackageDescription,,"Declares the EnsembleUI Swift package platforms, products, dependencies, targets, and tests.",0,,No immediate cleanup note from static scan; revisit when touching related behavior.,Covered indirectly by package build/test resolution.,Aligned with layered package architecture and iOS 15/macOS 12/watchOS 8 platform baseline.,No print usage found. Naming/type structure generally follows Swift idioms from static inspection.,low,0,0,0,0,0,0,0
Packages/EnsembleUI/Sources/Artwork/ArtworkColorExtractor.swift,EnsembleUI,Package,Sources,Artwork loading/display components and image effects,267,AppKit; SwiftUI; UIKit,class ArtworkColorExtractor; actor ColorCacheActor; struct GradientColors; class ArtworkColorExtractor; struct GradientColors,"Implements ArtworkColorExtractor, ColorCacheActor, GradientColors, ArtworkColorExtractor for artwork loading/display components and image effects.",0,,"Review detached tasks for cancellation, actor isolation, and priority against subsystem policy.",No obvious direct package test signal found by static name/content scan.,"Matches UI layer; check ui-conventions for navigation, design tokens, and observation rules.","No print usage found. Public API documentation appears incomplete (2/12 declarations with immediate doc comments). Task.detached usage should retain explicit priority, cancellation, and actor-isolation reasoning.",low,0,0,1,0,0,12,2
Packages/EnsembleUI/Sources/Artwork/ArtworkDetailBackground.swift,EnsembleUI,Package,Sources,Artwork loading/display components and image effects,58,SwiftUI,struct ArtworkDetailBackground,Implements ArtworkDetailBackground for artwork loading/display components and image effects.,0,,No immediate cleanup note from static scan; revisit when touching related behavior.,No obvious direct package test signal found by static name/content scan.,"Matches UI layer; check ui-conventions for navigation, design tokens, and observation rules.",No print usage found. Naming/type structure generally follows Swift idioms from static inspection.,low,0,0,0,0,0,0,0
Packages/EnsembleUI/Sources/Artwork/ArtworkView.swift,EnsembleUI,Package,Sources,Artwork loading/display components and image effects,288,AppKit; EnsembleCore; Nuke; SwiftUI; UIKit,struct ArtworkView; extension ArtworkView,Implements ArtworkView for artwork loading/display components and image effects.,0,,Move diagnostic logger calls out from #if DEBUG unless surrounding code must be debug-only. | Confirm GeometryReader is localized to measurement and does not drive unstable layout loops.,No obvious direct package test signal found by static name/content scan.,"Matches UI layer; check ui-conventions for navigation, design tokens, and observation rules. Needs logging-policy review: logger calls appear inside #if DEBUG.",No print usage found. Public API documentation appears incomplete (0/3 declarations with immediate doc comments). GeometryReader usage should remain measurement-scoped and stable for SwiftUI layout performance.,low,0,2,0,0,1,3,0
Packages/EnsembleUI/Sources/Artwork/BlurredArtworkBackground.swift,EnsembleUI,Package,Sources,Artwork loading/display components and image effects,137,SwiftUI,struct BlurredArtworkBackground,Implements BlurredArtworkBackground for artwork loading/display components and image effects.,0,,Confirm GeometryReader is localized to measurement and does not drive unstable layout loops.,No obvious direct package test signal found by static name/content scan.,"Matches UI layer; check ui-conventions for navigation, design tokens, and observation rules.",No print usage found. Public API documentation appears incomplete (1/3 declarations with immediate doc comments). GeometryReader usage should remain measurement-scoped and stable for SwiftUI layout performance.,low,0,0,0,0,1,3,1
Packages/EnsembleUI/Sources/Artwork/CompositeArtworkView.swift,EnsembleUI,Package,Sources,Artwork loading/display components and image effects,190,EnsembleCore; SwiftUI,struct CompositeArtworkView; struct PlaylistArtwork; struct DisplayPlaylistCard; extension Playlist,"Implements CompositeArtworkView, PlaylistArtwork, DisplayPlaylistCard for artwork loading/display components and image effects.",0,,Confirm GeometryReader is localized to measurement and does not drive unstable layout loops.,No obvious direct package test signal found by static name/content scan.,"Matches UI layer; check ui-conventions for navigation, design tokens, and observation rules.",No print usage found. Public API documentation appears incomplete (1/3 declarations with immediate doc comments). GeometryReader usage should remain measurement-scoped and stable for SwiftUI layout performance.,low,0,0,0,0,3,3,1
Packages/EnsembleUI/Sources/Aurora/AuroraBackgroundContainer.swift,EnsembleUI,Package,Sources,Aurora visualization rendering surfaces,43,EnsembleCore; SwiftUI,struct AuroraBackgroundContainer,Implements AuroraBackgroundContainer for aurora visualization rendering surfaces.,0,,No immediate cleanup note from static scan; revisit when touching related behavior.,No obvious direct package test signal found by static name/content scan.,"Matches UI layer; check ui-conventions for navigation, design tokens, and observation rules.",No print usage found. Public API documentation appears incomplete (1/3 declarations with immediate doc comments).,low,0,0,0,0,0,3,1
Packages/EnsembleUI/Sources/Aurora/AuroraVisualizationView.swift,EnsembleUI,Package,Sources,Aurora visualization rendering surfaces,873,Combine; EnsembleCore; SwiftUI,struct AuroraVisualizationView; class AuroraRenderModel,"Implements AuroraVisualizationView, AuroraRenderModel for aurora visualization rendering surfaces.",0,,Medium-large file: keep an eye on responsibility creep. | Move diagnostic logger calls out from #if DEBUG unless surrounding code must be debug-only. | Confirm GeometryReader is localized to measurement and does not drive unstable layout loops.,No obvious direct package test signal found by static name/content scan.,"Matches UI layer; check ui-conventions for navigation, design tokens, and observation rules. Needs logging-policy review: logger calls appear inside #if DEBUG.",No print usage found. Public API documentation appears incomplete (0/3 declarations with immediate doc comments). Large file; review cohesive type/extension boundaries over time. GeometryReader usage should remain measurement-scoped and stable for SwiftUI layout performance.,low,0,1,0,0,1,3,0
Packages/EnsembleUI/Sources/Aurora/MetalAuroraSurface.swift,EnsembleUI,Package,Sources,Aurora visualization rendering surfaces,512,AppKit; Metal; MetalKit; SwiftUI; UIKit,enum AuroraMetalSurfaceTier; struct MetalAuroraSurface; extension MetalAuroraSurface; struct Representable; extension MetalAuroraSurface; struct Representable; class AuroraMetalRenderer; struct Uniforms; struct VertexOut; struct Uniforms; struct MetalAuroraSurface,"Implements AuroraMetalSurfaceTier, MetalAuroraSurface, Representable, Representable for aurora visualization rendering surfaces.",0,,No immediate cleanup note from static scan; revisit when touching related behavior.,No obvious direct package test signal found by static name/content scan.,"Matches UI layer; check ui-conventions for navigation, design tokens, and observation rules.",No print usage found. Naming/type structure generally follows Swift idioms from static inspection.,low,0,0,0,0,0,0,0
Packages/EnsembleUI/Sources/Browse/FilterSheet.swift,EnsembleUI,Package,Sources,Browse/filter/list-support components,603,EnsembleCore; SwiftUI,struct FilterSheet; enum YearField; struct ArtistSelectionView; struct GenreSelectionView,"Implements FilterSheet, YearField, ArtistSelectionView, GenreSelectionView for browse/filter/list-support components.",0,,Medium-large file: keep an eye on responsibility creep.,No obvious direct package test signal found by static name/content scan.,"Matches UI layer; check ui-conventions for navigation, design tokens, and observation rules.",No print usage found. Public API documentation appears incomplete (1/3 declarations with immediate doc comments).,low,0,0,0,0,0,3,1
Packages/EnsembleUI/Sources/Browse/GenreChipBar.swift,EnsembleUI,Package,Sources,Browse/filter/list-support components,202,SwiftUI,struct GenreFilterHeader; extension GenreFilterHeader; struct GenreChipBar; enum GenreChipState; struct GenreChip,"Implements GenreFilterHeader, GenreChipBar, GenreChipState, GenreChip for browse/filter/list-support components.",0,,No immediate cleanup note from static scan; revisit when touching related behavior.,No obvious direct package test signal found by static name/content scan.,"Matches UI layer; check ui-conventions for navigation, design tokens, and observation rules.",No print usage found. Public API documentation appears incomplete (2/6 declarations with immediate doc comments).,low,0,0,0,0,0,6,2
Packages/EnsembleUI/Sources/Browse/LargeScreenBrowseSplitView.swift,EnsembleUI,Package,Sources,Browse/filter/list-support components,264,SwiftUI,struct LargeScreenBrowseSplitView; struct LargeScreenPlaceholderView; struct CompactBrowseDetailBackButton,"Implements LargeScreenBrowseSplitView, LargeScreenPlaceholderView, CompactBrowseDetailBackButton for browse/filter/list-support components.",0,,Confirm GeometryReader is localized to measurement and does not drive unstable layout loops.,No obvious direct package test signal found by static name/content scan.,"Matches UI layer; check ui-conventions for navigation, design tokens, and observation rules.",No print usage found. Public API documentation appears incomplete (1/7 declarations with immediate doc comments). GeometryReader usage should remain measurement-scoped and stable for SwiftUI layout performance.,low,0,0,0,0,1,7,1
Packages/EnsembleUI/Sources/Browse/RefreshCommandAction.swift,EnsembleUI,Package,Sources,Browse/filter/list-support components,32,SwiftUI,struct RefreshCommandAction; struct RefreshCommandActionKey; extension FocusedValues; extension View,"Implements RefreshCommandAction, RefreshCommandActionKey for browse/filter/list-support components.",0,,No immediate cleanup note from static scan; revisit when touching related behavior.,No obvious direct package test signal found by static name/content scan.,"Matches UI layer; check ui-conventions for navigation, design tokens, and observation rules.",No print usage found. Public API documentation appears incomplete (1/4 declarations with immediate doc comments).,low,0,0,0,0,0,4,1
Packages/EnsembleUI/Sources/Browse/ScrollIndex.swift,EnsembleUI,Package,Sources,Browse/filter/list-support components,137,SwiftUI; UIKit,struct ScrollIndex; enum ScrollIndexPlacement; extension View,"Implements ScrollIndex, ScrollIndexPlacement for browse/filter/list-support components.",0,,No immediate cleanup note from static scan; revisit when touching related behavior.,Obvious related tests: Packages/EnsembleUI/Tests/EnsembleUITests.swift.,"Matches UI layer; check ui-conventions for navigation, design tokens, and observation rules.",No print usage found. Public API documentation appears incomplete (0/4 declarations with immediate doc comments).,low,0,0,0,0,0,4,0
Packages/EnsembleUI/Sources/Cards/AlbumCard.swift,EnsembleUI,Package,Sources,Reusable media cards and grid/list items,266,EnsembleCore; SwiftUI,enum AlbumCardLayoutMetrics; struct AlbumCard; struct AlbumGrid,"Implements AlbumCardLayoutMetrics, AlbumCard, AlbumGrid for reusable media cards and grid/list items.",0,,No immediate cleanup note from static scan; revisit when touching related behavior.,No obvious direct package test signal found by static name/content scan.,"Matches UI layer; check ui-conventions for navigation, design tokens, and observation rules.",No print usage found. Public API documentation appears incomplete (1/14 declarations with immediate doc comments).,low,0,0,0,0,0,14,1
Packages/EnsembleUI/Sources/Cards/ArtistCard.swift,EnsembleUI,Package,Sources,Reusable media cards and grid/list items,179,EnsembleCore; SwiftUI,struct ArtistCard; struct ArtistRow; struct ArtistGrid,"Implements ArtistCard, ArtistRow, ArtistGrid for reusable media cards and grid/list items.",1,L111: // iOS 15 fallback: using legacy NavigationLink for nested navigation support,Triage legacy/migration/deprecated markers before new work in this area.,No obvious direct package test signal found by static name/content scan.,"Matches UI layer; check ui-conventions for navigation, design tokens, and observation rules. Contains migration/legacy/cleanup markers for follow-up triage.",No print usage found. Public API documentation appears incomplete (0/9 declarations with immediate doc comments).,medium,0,0,0,0,0,9,0
Packages/EnsembleUI/Sources/Cards/GenreCard.swift,EnsembleUI,Package,Sources,Reusable media cards and grid/list items,87,EnsembleCore; SwiftUI,struct GenreCard; struct GenreGrid,"Implements GenreCard, GenreGrid for reusable media cards and grid/list items.",0,,No immediate cleanup note from static scan; revisit when touching related behavior.,No obvious direct package test signal found by static name/content scan.,"Matches UI layer; check ui-conventions for navigation, design tokens, and observation rules.",No print usage found. Public API documentation appears incomplete (1/6 declarations with immediate doc comments).,low,0,0,0,0,0,6,1
Packages/EnsembleUI/Sources/Cards/PlaylistCard.swift,EnsembleUI,Package,Sources,Reusable media cards and grid/list items,220,EnsembleCore; SwiftUI,struct PlaylistCard; struct PlaylistRow; struct PlaylistRowChip; enum Style,"Implements PlaylistCard, PlaylistRow, PlaylistRowChip, Style for reusable media cards and grid/list items.",0,,No immediate cleanup note from static scan; revisit when touching related behavior.,No obvious direct package test signal found by static name/content scan.,"Matches UI layer; check ui-conventions for navigation, design tokens, and observation rules.",No print usage found. Public API documentation appears incomplete (2/10 declarations with immediate doc comments).,low,0,0,0,0,0,10,2
Packages/EnsembleUI/Sources/DesignSystem/ArtworkCornerRadius.swift,EnsembleUI,Package,Sources,"Design tokens, layout metrics, and shared scaffolds",23,CoreGraphics; EnsembleCore,enum ArtworkCornerRadius,"Implements ArtworkCornerRadius for design tokens, layout metrics, and shared scaffolds.",0,,No immediate cleanup note from static scan; revisit when touching related behavior.,No obvious direct package test signal found by static name/content scan.,"Matches UI layer; check ui-conventions for navigation, design tokens, and observation rules.",No print usage found. Public declarations appear documented by immediate doc comments.,low,0,0,0,0,0,1,1
Packages/EnsembleUI/Sources/DesignSystem/EnsembleDesign.swift,EnsembleUI,Package,Sources,"Design tokens, layout metrics, and shared scaffolds",541,EnsembleCore; SwiftUI,enum EnsembleDesign; enum Spacing; enum Radius; enum Typography; enum Color; enum Icon; enum Breakpoint; enum Effect; enum Animation; enum Material; enum FloatingGlass; enum Role; extension TabItem; struct EnsemblePrimaryActionButtonStyle; extension View; struct EnsembleMaterialModifier,"Implements EnsembleDesign, Spacing, Radius, Typography for design tokens, layout metrics, and shared scaffolds.",0,,No immediate cleanup note from static scan; revisit when touching related behavior.,Obvious related tests: Packages/EnsembleUI/Tests/EnsembleUITests.swift.,"Matches UI layer; check ui-conventions for navigation, design tokens, and observation rules.",No print usage found. Public API documentation appears incomplete (2/15 declarations with immediate doc comments).,low,0,0,0,0,0,15,2
Packages/EnsembleUI/Sources/DesignSystem/EnsembleScaffold.swift,EnsembleUI,Package,Sources,"Design tokens, layout metrics, and shared scaffolds",1265,AppKit; SwiftUI; UIKit,enum EnsembleScaffold; enum Chip; enum MediaCard; enum Toast; enum Marquee; enum Waveform; enum ProfileHeader; enum ProfileToolbar; enum Sidebar; enum BrowseToolbar; enum BrowseSectionHeader; enum BrowseSelection; enum VirtualDetailHeader; enum Favorites; enum MoodDetail; enum Genres,"Implements EnsembleScaffold, Chip, MediaCard, Toast for design tokens, layout metrics, and shared scaffolds.",0,,Large file: audit for nested helpers or policy seams that can move to existing shared owners.,Obvious related tests: Packages/EnsembleUI/Tests/EnsembleUITests.swift.,"Matches UI layer; check ui-conventions for navigation, design tokens, and observation rules.",No print usage found. Public API documentation appears incomplete (15/101 declarations with immediate doc comments). Large file; review cohesive type/extension boundaries over time.,medium,0,0,0,0,0,101,15
Packages/EnsembleUI/Sources/DesignSystem/TrackListLayoutMetrics.swift,EnsembleUI,Package,Sources,"Design tokens, layout metrics, and shared scaffolds",129,AppKit; CoreGraphics; SwiftUI; UIKit,enum TrackListLayoutMetrics,"Implements TrackListLayoutMetrics for design tokens, layout metrics, and shared scaffolds.",0,,No immediate cleanup note from static scan; revisit when touching related behavior.,Obvious related tests: Packages/EnsembleUI/Tests/EnsembleUITests.swift.,"Matches UI layer; check ui-conventions for navigation, design tokens, and observation rules.",No print usage found. Public API documentation appears incomplete (0/1 declarations with immediate doc comments).,low,0,0,0,0,0,1,0
Packages/EnsembleUI/Sources/DesignSystem/View+DesignModifiers.swift,EnsembleUI,Package,Sources,"Design tokens, layout metrics, and shared scaffolds",57,SwiftUI,extension View,"Provides View extension for Design Modifiers support for design tokens, layout metrics, and shared scaffolds.",0,,No immediate cleanup note from static scan; revisit when touching related behavior.,No obvious direct package test signal found by static name/content scan.,"Matches UI layer; check ui-conventions for navigation, design tokens, and observation rules.",No print usage found. Naming/type structure generally follows Swift idioms from static inspection.,low,0,0,0,0,0,0,0
Packages/EnsembleUI/Sources/DetailSurfaces/MediaDetailSurface.swift,EnsembleUI,Package,Sources,Shared media detail shell components,654,SwiftUI,struct MediaDetailSurface; extension MediaDetailSurface; enum ActionRole; struct ActionLabel; struct ActionRow; struct IconActionLabel; struct PlaybackActionRow; struct AdaptivePlaybackActionRow; struct CompactPlaybackActionRow; struct MetadataBlock; struct VirtualCollectionHeader; struct SymbolArtwork; struct Header; struct ListCard; extension View,"Implements MediaDetailSurface, ActionRole, ActionLabel, ActionRow for shared media detail shell components.",0,,Medium-large file: keep an eye on responsibility creep. | Confirm GeometryReader is localized to measurement and does not drive unstable layout loops.,No obvious direct package test signal found by static name/content scan.,"Matches UI layer; check ui-conventions for navigation, design tokens, and observation rules.",No print usage found. GeometryReader usage should remain measurement-scoped and stable for SwiftUI layout performance.,low,0,0,0,0,2,0,0
Packages/EnsembleUI/Sources/EnsembleLogger.swift,EnsembleUI,Package,Sources,UI package public exports and logging,19,OSLog,enum EnsembleLogger,Implements EnsembleLogger for ui package public exports and logging.,0,,No immediate cleanup note from static scan; revisit when touching related behavior.,No obvious direct package test signal found by static name/content scan.,"Matches UI layer; check ui-conventions for navigation, design tokens, and observation rules.",No print usage found. Public declarations appear documented by immediate doc comments.,low,0,0,0,0,0,1,1
Packages/EnsembleUI/Sources/EnsembleUI.swift,EnsembleUI,Package,Sources,UI package public exports and logging,4,,,Provides Ensemble UI support for ui package public exports and logging.,0,,No immediate cleanup note from static scan; revisit when touching related behavior.,Obvious related tests: Packages/EnsembleUI/Tests/EnsembleUITests.swift.,"Matches UI layer; check ui-conventions for navigation, design tokens, and observation rules.",No print usage found. Naming/type structure generally follows Swift idioms from static inspection.,low,0,0,0,0,0,0,0
Packages/EnsembleUI/Sources/NowPlaying/ControlsCard.swift,EnsembleUI,Package,Sources,Now Playing cards and carousel panel components,637,AVKit; EnsembleCore; SwiftUI; UIKit,struct ControlsCard,Implements ControlsCard for now playing cards and carousel panel components.,0,,Medium-large file: keep an eye on responsibility creep. | Confirm GeometryReader is localized to measurement and does not drive unstable layout loops. | Confirm observed objects are focused projections or short-lived surfaces under iOS 15 performance rules.,No obvious direct package test signal found by static name/content scan.,"Matches UI layer; check ui-conventions for navigation, design tokens, and observation rules.",No print usage found. Public API documentation appears incomplete (1/3 declarations with immediate doc comments). GeometryReader usage should remain measurement-scoped and stable for SwiftUI layout performance.,low,0,0,0,0,2,3,1
Packages/EnsembleUI/Sources/NowPlaying/InfoCard.swift,EnsembleUI,Package,Sources,Now Playing cards and carousel panel components,705,EnsembleCore; SwiftUI,struct InfoCard,Implements InfoCard for now playing cards and carousel panel components.,0,,Medium-large file: keep an eye on responsibility creep. | Confirm observed objects are focused projections or short-lived surfaces under iOS 15 performance rules.,No obvious direct package test signal found by static name/content scan.,"Matches UI layer; check ui-conventions for navigation, design tokens, and observation rules.",No print usage found. Public API documentation appears incomplete (1/3 declarations with immediate doc comments).,low,0,0,0,0,0,3,1
Packages/EnsembleUI/Sources/NowPlaying/LyricsCard.swift,EnsembleUI,Package,Sources,Now Playing cards and carousel panel components,773,AppKit; EnsembleCore; SwiftUI; UIKit,struct LyricsCard; struct VerticalDragDetector; class DragDetectorProbeView; class Coordinator; struct MacScrollWheelDetector; class ScrollDetectorProbeView; class Coordinator; struct LyricsLineView,"Implements LyricsCard, VerticalDragDetector, DragDetectorProbeView, Coordinator for now playing cards and carousel panel components.",0,,Medium-large file: keep an eye on responsibility creep. | Confirm observed objects are focused projections or short-lived surfaces under iOS 15 performance rules.,"Obvious related tests: Packages/EnsembleCore/Tests/BackgroundRefreshCoordinatorTests.swift, Packages/EnsembleCore/Tests/DownloadQueueCoordinatorTests.swift, Packages/EnsembleCore/Tests/NavigationCoordinatorTests.swift, Packages/EnsembleCore/Tests/OfflineDownloadBackgroundCoordinatorTests.swift (+11 more).","Matches UI layer; check ui-conventions for navigation, design tokens, and observation rules.",No print usage found. Public API documentation appears incomplete (1/3 declarations with immediate doc comments). Large file; review cohesive type/extension boundaries over time.,low,0,0,0,0,0,3,1
Packages/EnsembleUI/Sources/NowPlaying/NowPlayingCarousel.swift,EnsembleUI,Package,Sources,Now Playing cards and carousel panel components,64,EnsembleCore; SwiftUI,struct NowPlayingCarousel,Implements NowPlayingCarousel for now playing cards and carousel panel components.,0,,Confirm observed objects are focused projections or short-lived surfaces under iOS 15 performance rules.,No obvious direct package test signal found by static name/content scan.,"Matches UI layer; check ui-conventions for navigation, design tokens, and observation rules.",No print usage found. Public API documentation appears incomplete (1/3 declarations with immediate doc comments).,low,0,0,0,0,0,3,1
Packages/EnsembleUI/Sources/NowPlaying/PageIndicator.swift,EnsembleUI,Package,Sources,Now Playing cards and carousel panel components,73,EnsembleCore; SwiftUI,enum NowPlayingPage; struct PageIndicator,"Implements NowPlayingPage, PageIndicator for now playing cards and carousel panel components.",0,,No immediate cleanup note from static scan; revisit when touching related behavior.,No obvious direct package test signal found by static name/content scan.,"Matches UI layer; check ui-conventions for navigation, design tokens, and observation rules.",No print usage found. Public API documentation appears incomplete (1/4 declarations with immediate doc comments).,low,0,0,0,0,0,4,1
Packages/EnsembleUI/Sources/NowPlaying/QueueCard.swift,EnsembleUI,Package,Sources,Now Playing cards and carousel panel components,470,EnsembleCore; SwiftUI,struct QueueCard,Implements QueueCard for now playing cards and carousel panel components.,1,"L138: // TODO: Future ""Replay"" action for replaying past queues",Triage legacy/migration/deprecated markers before new work in this area. | Confirm observed objects are focused projections or short-lived surfaces under iOS 15 performance rules.,No obvious direct package test signal found by static name/content scan.,"Matches UI layer; check ui-conventions for navigation, design tokens, and observation rules. Contains migration/legacy/cleanup markers for follow-up triage.",No print usage found. Public API documentation appears incomplete (1/3 declarations with immediate doc comments).,medium,0,0,0,0,0,3,1
Packages/EnsembleUI/Sources/PlaybackChrome/AirPlayButton.swift,EnsembleUI,Package,Sources,"Mini-player, waveform, and transport chrome",44,AVKit; EnsembleCore; SwiftUI; UIKit,struct AirPlayButton; struct AirPlayButton,"Implements AirPlayButton, AirPlayButton for mini-player, waveform, and transport chrome.",0,,No immediate cleanup note from static scan; revisit when touching related behavior.,No obvious direct package test signal found by static name/content scan.,"Matches UI layer; check ui-conventions for navigation, design tokens, and observation rules.",No print usage found. Public API documentation appears incomplete (1/7 declarations with immediate doc comments).,low,0,0,0,0,0,7,1
Packages/EnsembleUI/Sources/PlaybackChrome/MiniPlayer.swift,EnsembleUI,Package,Sources,"Mini-player, waveform, and transport chrome",924,AppKit; EnsembleCore; Nuke; SwiftUI; UIKit,struct MiniPlayer; struct MiniPlayerTrackInfo; struct MiniPlayerVerticalSwipeModifier; struct MiniPlayerHorizontalSwipeModifier; struct MiniPlayerWaveform; struct MiniPlayerControls; struct MiniPlayerActionsMenuButton; struct MiniPlayerActionsPopoverContent; struct NativeMiniPlayerActionsMenuButton; class Coordinator; struct MiniPlayerBackground; struct MiniPlayerContainer,"Implements MiniPlayer, MiniPlayerTrackInfo, MiniPlayerVerticalSwipeModifier, MiniPlayerHorizontalSwipeModifier for mini-player, waveform, and transport chrome.",0,,Medium-large file: keep an eye on responsibility creep. | Confirm GeometryReader is localized to measurement and does not drive unstable layout loops. | Confirm observed objects are focused projections or short-lived surfaces under iOS 15 performance rules.,No obvious direct package test signal found by static name/content scan.,"Matches UI layer; check ui-conventions for navigation, design tokens, and observation rules. Observation usage should be checked against iOS 15 performance guidance.",No print usage found. Public API documentation appears incomplete (1/6 declarations with immediate doc comments). Large file; review cohesive type/extension boundaries over time. GeometryReader usage should remain measurement-scoped and stable for SwiftUI layout performance.,low,0,0,0,0,1,6,1
Packages/EnsembleUI/Sources/PlaybackChrome/WaveformView.swift,EnsembleUI,Package,Sources,"Mini-player, waveform, and transport chrome",48,SwiftUI,struct WaveformView,"Implements WaveformView for mini-player, waveform, and transport chrome.",0,,Confirm GeometryReader is localized to measurement and does not drive unstable layout loops.,No obvious direct package test signal found by static name/content scan.,"Matches UI layer; check ui-conventions for navigation, design tokens, and observation rules.",No print usage found. Public API documentation appears incomplete (0/3 declarations with immediate doc comments). GeometryReader usage should remain measurement-scoped and stable for SwiftUI layout performance.,low,0,0,0,0,1,3,0
Packages/EnsembleUI/Sources/Screens/AccountSettings/AddPlexAccountView.swift,EnsembleUI,Package,Sources,User-facing SwiftUI screens and root navigation surfaces,443,AppKit; EnsembleCore; SwiftUI; UIKit,struct AddPlexAccountView; struct LibrarySelectionRow; struct ServerRow; struct ServerLibrariesSelection,"Implements AddPlexAccountView, LibrarySelectionRow, ServerRow, ServerLibrariesSelection for user-facing swiftui screens and root navigation surfaces.",0,,No immediate cleanup note from static scan; revisit when touching related behavior.,Obvious related tests: Packages/EnsembleCore/Tests/AddPlexAccountViewModelTests.swift.,"Matches UI layer; check ui-conventions for navigation, design tokens, and observation rules.",No print usage found. Public API documentation appears incomplete (0/3 declarations with immediate doc comments).,low,0,0,0,0,0,3,0
Packages/EnsembleUI/Sources/Screens/AccountSettings/MusicSourceAccountDetailView.swift,EnsembleUI,Package,Sources,User-facing SwiftUI screens and root navigation surfaces,534,EnsembleCore; SwiftUI,struct MusicSourceAccountDetailView; struct LibrarySyncStatusRow; struct EnabledLibraryStatusView; struct ServerFeatureBadges,"Implements MusicSourceAccountDetailView, LibrarySyncStatusRow, EnabledLibraryStatusView, ServerFeatureBadges for user-facing swiftui screens and root navigation surfaces.",0,,No immediate cleanup note from static scan; revisit when touching related behavior.,Obvious related tests: Packages/EnsembleCore/Tests/MusicSourceAccountDetailViewModelTests.swift.,"Matches UI layer; check ui-conventions for navigation, design tokens, and observation rules.",No print usage found. Public API documentation appears incomplete (1/3 declarations with immediate doc comments).,low,0,0,0,0,0,3,1
Packages/EnsembleUI/Sources/Screens/AccountSettings/ProfileView.swift,EnsembleUI,Package,Sources,User-facing SwiftUI screens and root navigation surfaces,799,EnsembleCore; SwiftUI,struct ProfileView,Implements ProfileView for user-facing swiftui screens and root navigation surfaces.,0,,Medium-large file: keep an eye on responsibility creep.,No obvious direct package test signal found by static name/content scan.,"Matches UI layer; check ui-conventions for navigation, design tokens, and observation rules.",No print usage found. Public API documentation appears incomplete (1/3 declarations with immediate doc comments). Large file; review cohesive type/extension boundaries over time.,low,0,0,0,0,0,3,1
Packages/EnsembleUI/Sources/Screens/AccountSettings/SettingsView.swift,EnsembleUI,Package,Sources,User-facing SwiftUI screens and root navigation surfaces,233,EnsembleCore; SwiftUI,struct SettingsView; struct MusicSourceAccountRow; struct AudioQualitySettingsView; struct ConnectionPolicySettingsView; struct StorageSettingsView; extension Bundle,"Implements SettingsView, MusicSourceAccountRow, AudioQualitySettingsView, ConnectionPolicySettingsView for user-facing swiftui screens and root navigation surfaces.",1,L4: /// Legacy settings view — redirects to ProfileView.,Triage legacy/migration/deprecated markers before new work in this area.,No obvious direct package test signal found by static name/content scan.,"Matches UI layer; check ui-conventions for navigation, design tokens, and observation rules. Contains migration/legacy/cleanup markers for follow-up triage.",No print usage found. Public API documentation appears incomplete (1/3 declarations with immediate doc comments).,medium,0,0,0,0,0,3,1
Packages/EnsembleUI/Sources/Screens/AccountSettings/SyncSettingsView.swift,EnsembleUI,Package,Sources,User-facing SwiftUI screens and root navigation surfaces,402,EnsembleCore; SwiftUI,struct SyncSettingsView; struct StatusPresentation,"Implements SyncSettingsView, StatusPresentation for user-facing swiftui screens and root navigation surfaces.",0,,No immediate cleanup note from static scan; revisit when touching related behavior.,No obvious direct package test signal found by static name/content scan.,"Matches UI layer; check ui-conventions for navigation, design tokens, and observation rules.",No print usage found. Public API documentation appears incomplete (1/3 declarations with immediate doc comments).,low,0,0,0,0,0,3,1
Packages/EnsembleUI/Sources/Screens/AccountSettings/TrackSwipeActionsSettingsView.swift,EnsembleUI,Package,Sources,User-facing SwiftUI screens and root navigation surfaces,151,EnsembleCore; SwiftUI,struct TrackSwipeActionsSettingsView,Implements TrackSwipeActionsSettingsView for user-facing swiftui screens and root navigation surfaces.,0,,No immediate cleanup note from static scan; revisit when touching related behavior.,No obvious direct package test signal found by static name/content scan.,"Matches UI layer; check ui-conventions for navigation, design tokens, and observation rules.",No print usage found. Public API documentation appears incomplete (0/3 declarations with immediate doc comments).,low,0,0,0,0,0,3,0
Packages/EnsembleUI/Sources/Screens/Details/AlbumDetailLoader.swift,EnsembleUI,Package,Sources,User-facing SwiftUI screens and root navigation surfaces,71,EnsembleCore; SwiftUI,struct AlbumDetailLoader,Implements AlbumDetailLoader for user-facing swiftui screens and root navigation surfaces.,0,,Move diagnostic logger calls out from #if DEBUG unless surrounding code must be debug-only.,No obvious direct package test signal found by static name/content scan.,"Matches UI layer; check ui-conventions for navigation, design tokens, and observation rules. Needs logging-policy review: logger calls appear inside #if DEBUG.",No print usage found. Naming/type structure generally follows Swift idioms from static inspection.,low,0,2,0,0,0,0,0
Packages/EnsembleUI/Sources/Screens/Details/ArtistDetailLoader.swift,EnsembleUI,Package,Sources,User-facing SwiftUI screens and root navigation surfaces,65,EnsembleCore; SwiftUI,struct ArtistDetailLoader,Implements ArtistDetailLoader for user-facing swiftui screens and root navigation surfaces.,0,,No immediate cleanup note from static scan; revisit when touching related behavior.,No obvious direct package test signal found by static name/content scan.,"Matches UI layer; check ui-conventions for navigation, design tokens, and observation rules.",No print usage found. Naming/type structure generally follows Swift idioms from static inspection.,low,0,0,0,0,0,0,0
Packages/EnsembleUI/Sources/Screens/Details/MediaDetailView.swift,EnsembleUI,Package,Sources,User-facing SwiftUI screens and root navigation surfaces,1103,EnsembleCore; Nuke; SwiftUI,struct MediaHeaderData; struct PlaylistDetailMenuActions; struct AlbumDetailMenuActions; struct MediaDetailView,"Implements MediaHeaderData, PlaylistDetailMenuActions, AlbumDetailMenuActions, MediaDetailView for user-facing swiftui screens and root navigation surfaces.",0,,Large file: audit for nested helpers or policy seams that can move to existing shared owners. | Confirm GeometryReader is localized to measurement and does not drive unstable layout loops.,No obvious direct package test signal found by static name/content scan.,"Matches UI layer; check ui-conventions for navigation, design tokens, and observation rules.",No print usage found. Public API documentation appears incomplete (0/7 declarations with immediate doc comments). Large file; review cohesive type/extension boundaries over time. GeometryReader usage should remain measurement-scoped and stable for SwiftUI layout performance.,medium,0,0,0,0,1,7,0
Packages/EnsembleUI/Sources/Screens/Details/MergedPlaylistDetailView.swift,EnsembleUI,Package,Sources,User-facing SwiftUI screens and root navigation surfaces,342,EnsembleCore; SwiftUI,struct MergedPlaylistDetailView; struct MergedPlaylistDetailLoader,"Implements MergedPlaylistDetailView, MergedPlaylistDetailLoader for user-facing swiftui screens and root navigation surfaces.",0,,No immediate cleanup note from static scan; revisit when touching related behavior.,No obvious direct package test signal found by static name/content scan.,"Matches UI layer; check ui-conventions for navigation, design tokens, and observation rules.",No print usage found. Public API documentation appears incomplete (2/6 declarations with immediate doc comments).,low,0,0,0,0,0,6,2
Packages/EnsembleUI/Sources/Screens/Details/PlaylistDetailLoader.swift,EnsembleUI,Package,Sources,User-facing SwiftUI screens and root navigation surfaces,65,EnsembleCore; SwiftUI,struct PlaylistDetailLoader,Implements PlaylistDetailLoader for user-facing swiftui screens and root navigation surfaces.,0,,No immediate cleanup note from static scan; revisit when touching related behavior.,No obvious direct package test signal found by static name/content scan.,"Matches UI layer; check ui-conventions for navigation, design tokens, and observation rules.",No print usage found. Naming/type structure generally follows Swift idioms from static inspection.,low,0,0,0,0,0,0,0
Packages/EnsembleUI/Sources/Screens/Diagnostics/LogDetailView.swift,EnsembleUI,Package,Sources,User-facing SwiftUI screens and root navigation surfaces,219,EnsembleCore; SwiftUI,struct LogDetailView,Implements LogDetailView for user-facing swiftui screens and root navigation surfaces.,0,,"Review detached tasks for cancellation, actor isolation, and priority against subsystem policy.",No obvious direct package test signal found by static name/content scan.,"Matches UI layer; check ui-conventions for navigation, design tokens, and observation rules.","No print usage found. Public API documentation appears incomplete (1/3 declarations with immediate doc comments). Task.detached usage should retain explicit priority, cancellation, and actor-isolation reasoning.",low,0,0,1,0,0,3,1
Packages/EnsembleUI/Sources/Screens/Diagnostics/LogsSettingsView.swift,EnsembleUI,Package,Sources,User-facing SwiftUI screens and root navigation surfaces,191,EnsembleCore; SwiftUI,struct LogsSettingsView; struct LogSessionRow,"Implements LogsSettingsView, LogSessionRow for user-facing swiftui screens and root navigation surfaces.",0,,No immediate cleanup note from static scan; revisit when touching related behavior.,No obvious direct package test signal found by static name/content scan.,"Matches UI layer; check ui-conventions for navigation, design tokens, and observation rules.",No print usage found. Public API documentation appears incomplete (1/3 declarations with immediate doc comments).,low,0,0,0,0,0,3,1
Packages/EnsembleUI/Sources/Screens/Discovery/HomeView.swift,EnsembleUI,Package,Sources,User-facing SwiftUI screens and root navigation surfaces,539,EnsembleCore; SwiftUI,struct HomeView; struct HubSection; struct HubItemCard,"Implements HomeView, HubSection, HubItemCard for user-facing swiftui screens and root navigation surfaces.",0,,No immediate cleanup note from static scan; revisit when touching related behavior.,Obvious related tests: Packages/EnsembleCore/Tests/HomeViewModelRefreshPolicyTests.swift.,"Matches UI layer; check ui-conventions for navigation, design tokens, and observation rules.",No print usage found. Public API documentation appears incomplete (1/3 declarations with immediate doc comments).,low,0,0,0,0,0,3,1
Packages/EnsembleUI/Sources/Screens/Discovery/SearchView.swift,EnsembleUI,Package,Sources,User-facing SwiftUI screens and root navigation surfaces,1123,EnsembleCore; SwiftUI; UIKit,struct SearchView; struct PinnedGridBackgroundDropDelegate; struct PinnedDropDelegate,"Implements SearchView, PinnedGridBackgroundDropDelegate, PinnedDropDelegate for user-facing swiftui screens and root navigation surfaces.",2,L594: // Safety cleanup | L657: // Safety cleanup when leaving an item area.,Large file: audit for nested helpers or policy seams that can move to existing shared owners. | Triage legacy/migration/deprecated markers before new work in this area.,No obvious direct package test signal found by static name/content scan.,"Matches UI layer; check ui-conventions for navigation, design tokens, and observation rules. Contains migration/legacy/cleanup markers for follow-up triage.",No print usage found. Public API documentation appears incomplete (0/3 declarations with immediate doc comments). Large file; review cohesive type/extension boundaries over time.,medium,0,0,0,0,0,3,0
Packages/EnsembleUI/Sources/Screens/Downloads/DownloadManagerSettingsView.swift,EnsembleUI,Package,Sources,User-facing SwiftUI screens and root navigation surfaces,134,EnsembleCore; SwiftUI,struct DownloadManagerSettingsView,Implements DownloadManagerSettingsView for user-facing swiftui screens and root navigation surfaces.,0,,No immediate cleanup note from static scan; revisit when touching related behavior.,No obvious direct package test signal found by static name/content scan.,"Matches UI layer; check ui-conventions for navigation, design tokens, and observation rules.",No print usage found. Public API documentation appears incomplete (0/3 declarations with immediate doc comments).,low,0,0,0,0,0,3,0
Packages/EnsembleUI/Sources/Screens/Downloads/DownloadTargetDetailView.swift,EnsembleUI,Package,Sources,User-facing SwiftUI screens and root navigation surfaces,470,EnsembleCore; EnsemblePersistence; Nuke; SwiftUI,struct DownloadTargetDetailView,Implements DownloadTargetDetailView for user-facing swiftui screens and root navigation surfaces.,0,,No immediate cleanup note from static scan; revisit when touching related behavior.,No obvious direct package test signal found by static name/content scan.,"Matches UI layer; check ui-conventions for navigation, design tokens, and observation rules.",No print usage found. Public API documentation appears incomplete (1/3 declarations with immediate doc comments).,low,0,0,0,0,0,3,1
Packages/EnsembleUI/Sources/Screens/Downloads/DownloadsView.swift,EnsembleUI,Package,Sources,User-facing SwiftUI screens and root navigation surfaces,594,EnsembleCore; SwiftUI,struct DownloadsView; struct DownloadedItemRow; struct RemovalProgressRow,"Implements DownloadsView, DownloadedItemRow, RemovalProgressRow for user-facing swiftui screens and root navigation surfaces.",0,,No immediate cleanup note from static scan; revisit when touching related behavior.,No obvious direct package test signal found by static name/content scan.,"Matches UI layer; check ui-conventions for navigation, design tokens, and observation rules.",No print usage found. Public API documentation appears incomplete (0/3 declarations with immediate doc comments).,low,0,0,0,0,0,3,0
Packages/EnsembleUI/Sources/Screens/Downloads/LibraryDownloadDetailView.swift,EnsembleUI,Package,Sources,User-facing SwiftUI screens and root navigation surfaces,263,EnsembleCore; EnsemblePersistence; SwiftUI,struct LibraryDownloadDetailView,Implements LibraryDownloadDetailView for user-facing swiftui screens and root navigation surfaces.,0,,No immediate cleanup note from static scan; revisit when touching related behavior.,No obvious direct package test signal found by static name/content scan.,"Matches UI layer; check ui-conventions for navigation, design tokens, and observation rules.",No print usage found. Naming/type structure generally follows Swift idioms from static inspection.,low,0,0,0,0,0,0,0
Packages/EnsembleUI/Sources/Screens/Downloads/OfflineServersView.swift,EnsembleUI,Package,Sources,User-facing SwiftUI screens and root navigation surfaces,76,EnsembleCore; SwiftUI,struct OfflineServersView,Implements OfflineServersView for user-facing swiftui screens and root navigation surfaces.,0,,No immediate cleanup note from static scan; revisit when touching related behavior.,No obvious direct package test signal found by static name/content scan.,"Matches UI layer; check ui-conventions for navigation, design tokens, and observation rules.",No print usage found. Public API documentation appears incomplete (0/3 declarations with immediate doc comments).,low,0,0,0,0,0,3,0
Packages/EnsembleUI/Sources/Screens/Downloads/PendingMutationsView.swift,EnsembleUI,Package,Sources,User-facing SwiftUI screens and root navigation surfaces,171,EnsembleCore; EnsemblePersistence; SwiftUI,struct PendingMutationsView; struct MutationRowView,"Implements PendingMutationsView, MutationRowView for user-facing swiftui screens and root navigation surfaces.",0,,No immediate cleanup note from static scan; revisit when touching related behavior.,No obvious direct package test signal found by static name/content scan.,"Matches UI layer; check ui-conventions for navigation, design tokens, and observation rules.",No print usage found. Public API documentation appears incomplete (1/3 declarations with immediate doc comments).,low,0,0,0,0,0,3,1
Packages/EnsembleUI/Sources/Screens/Library/AlbumsView.swift,EnsembleUI,Package,Sources,User-facing SwiftUI screens and root navigation surfaces,703,EnsembleCore; SwiftUI,struct AlbumsView; struct AlbumSection; struct AlbumDetailView,"Implements AlbumsView, AlbumSection, AlbumDetailView for user-facing swiftui screens and root navigation surfaces.",0,,Medium-large file: keep an eye on responsibility creep. | Confirm GeometryReader is localized to measurement and does not drive unstable layout loops. | Confirm observed objects are focused projections or short-lived surfaces under iOS 15 performance rules.,No obvious direct package test signal found by static name/content scan.,"Matches UI layer; check ui-conventions for navigation, design tokens, and observation rules. Observation usage should be checked against iOS 15 performance guidance.",No print usage found. Public API documentation appears incomplete (0/6 declarations with immediate doc comments). GeometryReader usage should remain measurement-scoped and stable for SwiftUI layout performance.,medium,0,0,0,0,4,6,0
Packages/EnsembleUI/Sources/Screens/Library/ArtistsView.swift,EnsembleUI,Package,Sources,User-facing SwiftUI screens and root navigation surfaces,1161,EnsembleCore; Nuke; SwiftUI; UIKit,struct ArtistsView; enum PresentationMode; struct ArtistSection; struct ArtistHeroToolbarBackgroundPreferenceKey; struct ArtistDetailScrollEdgeEffectModifier; struct ArtistDetailView; struct ArtistDetailToolbarBleedModifier,"Implements ArtistsView, PresentationMode, ArtistSection, ArtistHeroToolbarBackgroundPreferenceKey for user-facing swiftui screens and root navigation surfaces.",0,,Large file: audit for nested helpers or policy seams that can move to existing shared owners. | Confirm GeometryReader is localized to measurement and does not drive unstable layout loops. | Confirm observed objects are focused projections or short-lived surfaces under iOS 15 performance rules.,No obvious direct package test signal found by static name/content scan.,"Matches UI layer; check ui-conventions for navigation, design tokens, and observation rules. Observation usage should be checked against iOS 15 performance guidance.",No print usage found. Public API documentation appears incomplete (0/7 declarations with immediate doc comments). Large file; review cohesive type/extension boundaries over time. GeometryReader usage should remain measurement-scoped and stable for SwiftUI layout performance.,medium,0,0,0,0,5,7,0
Packages/EnsembleUI/Sources/Screens/Library/FavoritesView.swift,EnsembleUI,Package,Sources,User-facing SwiftUI screens and root navigation surfaces,340,AppKit; EnsembleCore; SwiftUI; UIKit,struct FavoritesView,Implements FavoritesView for user-facing swiftui screens and root navigation surfaces.,0,,Confirm GeometryReader is localized to measurement and does not drive unstable layout loops.,No obvious direct package test signal found by static name/content scan.,"Matches UI layer; check ui-conventions for navigation, design tokens, and observation rules.",No print usage found. Public API documentation appears incomplete (1/3 declarations with immediate doc comments). GeometryReader usage should remain measurement-scoped and stable for SwiftUI layout performance.,low,0,0,0,0,1,3,1
Packages/EnsembleUI/Sources/Screens/Library/GenresView.swift,EnsembleUI,Package,Sources,User-facing SwiftUI screens and root navigation surfaces,284,EnsembleCore; SwiftUI,struct GenresView; enum PresentationMode; struct GenreDetailContentView,"Implements GenresView, PresentationMode, GenreDetailContentView for user-facing swiftui screens and root navigation surfaces.",0,,Confirm GeometryReader is localized to measurement and does not drive unstable layout loops. | Confirm observed objects are focused projections or short-lived surfaces under iOS 15 performance rules.,No obvious direct package test signal found by static name/content scan.,"Matches UI layer; check ui-conventions for navigation, design tokens, and observation rules. Observation usage should be checked against iOS 15 performance guidance.",No print usage found. Public API documentation appears incomplete (0/4 declarations with immediate doc comments). GeometryReader usage should remain measurement-scoped and stable for SwiftUI layout performance.,medium,0,0,0,0,1,4,0
Packages/EnsembleUI/Sources/Screens/Library/MoodTracksView.swift,EnsembleUI,Package,Sources,User-facing SwiftUI screens and root navigation surfaces,342,AppKit; EnsembleCore; SwiftUI; UIKit,struct MoodTracksView,Implements MoodTracksView for user-facing swiftui screens and root navigation surfaces.,0,,Confirm GeometryReader is localized to measurement and does not drive unstable layout loops.,No obvious direct package test signal found by static name/content scan.,"Matches UI layer; check ui-conventions for navigation, design tokens, and observation rules.",No print usage found. Public API documentation appears incomplete (0/3 declarations with immediate doc comments). GeometryReader usage should remain measurement-scoped and stable for SwiftUI layout performance.,low,0,0,0,0,1,3,0
Packages/EnsembleUI/Sources/Screens/Library/PlaylistsView.swift,EnsembleUI,Package,Sources,User-facing SwiftUI screens and root navigation surfaces,1407,EnsembleCore; SwiftUI,extension Notification.Name; struct PlaylistsView; enum PresentationMode; struct PlaylistsNewButton; struct PlaylistLoadingRow; struct PlaylistDetailView; struct CreatePlaylistView,"Implements PlaylistsView, PresentationMode, PlaylistsNewButton, PlaylistLoadingRow for user-facing swiftui screens and root navigation surfaces.",0,,Large file: audit for nested helpers or policy seams that can move to existing shared owners. | Confirm GeometryReader is localized to measurement and does not drive unstable layout loops. | Confirm observed objects are focused projections or short-lived surfaces under iOS 15 performance rules.,Obvious related tests: Packages/EnsembleCore/Tests/PlaylistDetailViewModelTests.swift.,"Matches UI layer; check ui-conventions for navigation, design tokens, and observation rules. Observation usage should be checked against iOS 15 performance guidance.",No print usage found. Public API documentation appears incomplete (0/7 declarations with immediate doc comments). Large file; review cohesive type/extension boundaries over time. GeometryReader usage should remain measurement-scoped and stable for SwiftUI layout performance.,medium,0,0,0,0,3,7,0
Packages/EnsembleUI/Sources/Screens/Library/SongsView.swift,EnsembleUI,Package,Sources,User-facing SwiftUI screens and root navigation surfaces,653,AppKit; EnsembleCore; Nuke; SwiftUI; UIKit,struct SongsView,Implements SongsView for user-facing swiftui screens and root navigation surfaces.,0,,Medium-large file: keep an eye on responsibility creep. | Confirm GeometryReader is localized to measurement and does not drive unstable layout loops. | Confirm observed objects are focused projections or short-lived surfaces under iOS 15 performance rules.,No obvious direct package test signal found by static name/content scan.,"Matches UI layer; check ui-conventions for navigation, design tokens, and observation rules. Observation usage should be checked against iOS 15 performance guidance.",No print usage found. Public API documentation appears incomplete (0/3 declarations with immediate doc comments). GeometryReader usage should remain measurement-scoped and stable for SwiftUI layout performance.,medium,0,0,0,0,3,3,0
Packages/EnsembleUI/Sources/Screens/NowPlaying/ExternalDisplayNowPlayingView.swift,EnsembleUI,Package,Sources,User-facing SwiftUI screens and root navigation surfaces,208,EnsembleCore; SwiftUI,struct ExternalDisplayNowPlayingView,Implements ExternalDisplayNowPlayingView for user-facing swiftui screens and root navigation surfaces.,0,,Confirm GeometryReader is localized to measurement and does not drive unstable layout loops. | Confirm observed objects are focused projections or short-lived surfaces under iOS 15 performance rules.,No obvious direct package test signal found by static name/content scan.,"Matches UI layer; check ui-conventions for navigation, design tokens, and observation rules.",No print usage found. Public API documentation appears incomplete (1/3 declarations with immediate doc comments). GeometryReader usage should remain measurement-scoped and stable for SwiftUI layout performance.,low,0,0,0,0,1,3,1
Packages/EnsembleUI/Sources/Screens/NowPlaying/NowPlayingSheetView.swift,EnsembleUI,Package,Sources,User-facing SwiftUI screens and root navigation surfaces,237,EnsembleCore; SwiftUI,struct NowPlayingSheetView,Implements NowPlayingSheetView for user-facing swiftui screens and root navigation surfaces.,0,,Confirm GeometryReader is localized to measurement and does not drive unstable layout loops. | Confirm observed objects are focused projections or short-lived surfaces under iOS 15 performance rules.,No obvious direct package test signal found by static name/content scan.,"Matches UI layer; check ui-conventions for navigation, design tokens, and observation rules.",No print usage found. Public API documentation appears incomplete (1/3 declarations with immediate doc comments). GeometryReader usage should remain measurement-scoped and stable for SwiftUI layout performance.,low,0,0,0,0,1,3,1
Packages/EnsembleUI/Sources/Screens/NowPlaying/NowPlayingViewportRoot.swift,EnsembleUI,Package,Sources,User-facing SwiftUI screens and root navigation surfaces,423,AppKit; EnsembleCore; SwiftUI,struct NowPlayingViewportRoot; enum LayoutMode; struct MacNowPlayingChromeCoordinatorBridge; class Coordinator; class WindowObservationView,"Implements NowPlayingViewportRoot, LayoutMode, MacNowPlayingChromeCoordinatorBridge, Coordinator for user-facing swiftui screens and root navigation surfaces.",0,,Confirm GeometryReader is localized to measurement and does not drive unstable layout loops. | Confirm observed objects are focused projections or short-lived surfaces under iOS 15 performance rules.,"Obvious related tests: Packages/EnsembleCore/Tests/BackgroundRefreshCoordinatorTests.swift, Packages/EnsembleCore/Tests/DownloadQueueCoordinatorTests.swift, Packages/EnsembleCore/Tests/NavigationCoordinatorTests.swift, Packages/EnsembleCore/Tests/OfflineDownloadBackgroundCoordinatorTests.swift (+11 more).","Matches UI layer; check ui-conventions for navigation, design tokens, and observation rules.",No print usage found. GeometryReader usage should remain measurement-scoped and stable for SwiftUI layout performance.,low,0,0,0,0,1,0,0
Packages/EnsembleUI/Sources/Screens/Root/AuxiliaryPresentationContainer.swift,EnsembleUI,Package,Sources,User-facing SwiftUI screens and root navigation surfaces,106,EnsembleCore; SwiftUI,struct AuxiliaryDismissToolbarModifier; struct ProfilePresentationContainer; struct DownloadsPresentationContainer; struct AuxiliaryPresentationView,"Implements AuxiliaryDismissToolbarModifier, ProfilePresentationContainer, DownloadsPresentationContainer, AuxiliaryPresentationView for user-facing swiftui screens and root navigation surfaces.",1,L47: /// Legacy alias for backwards compatibility,Triage legacy/migration/deprecated markers before new work in this area.,No obvious direct package test signal found by static name/content scan.,"Matches UI layer; check ui-conventions for navigation, design tokens, and observation rules. Contains migration/legacy/cleanup markers for follow-up triage.",No print usage found. Public API documentation appears incomplete (0/9 declarations with immediate doc comments).,medium,0,0,0,0,0,9,0
Packages/EnsembleUI/Sources/Screens/Root/MainTabView.swift,EnsembleUI,Package,Sources,User-facing SwiftUI screens and root navigation surfaces,1896,Combine; EnsembleCore; SwiftUI,struct MainTabView; struct iOS15TabBarHider; class TabBarProbeView; struct NestedNavigationLink; struct SidebarView; struct SidebarPlaylistItem; enum CompactColumnPreference; struct SidebarPlaylistDragDropHost; extension View,"Implements MainTabView, iOS15TabBarHider, TabBarProbeView, NestedNavigationLink for user-facing swiftui screens and root navigation surfaces.",0,,Large file: audit for nested helpers or policy seams that can move to existing shared owners. | Move diagnostic logger calls out from #if DEBUG unless surrounding code must be debug-only. | Confirm GeometryReader is localized to measurement and does not drive unstable layout loops. | Confirm observed objects are focused projections or short-lived surfaces under iOS 15 performance rules.,No obvious direct package test signal found by static name/content scan.,"Matches UI layer; check ui-conventions for navigation, design tokens, and observation rules. Needs logging-policy review: logger calls appear inside #if DEBUG. Observation usage should be checked against iOS 15 performance guidance. Oversized responsibility surface remains a skill-aligned cleanup candidate, not a behavior bug by itself.",No print usage found. Public API documentation appears incomplete (1/6 declarations with immediate doc comments). File size is far beyond common maintainability norms; prefer cohesive APIs and smaller responsibility boundaries. GeometryReader usage should remain measurement-scoped and stable for SwiftUI layout performance.,medium,0,1,0,0,2,6,1
Packages/EnsembleUI/Sources/Screens/Root/MoreView.swift,EnsembleUI,Package,Sources,User-facing SwiftUI screens and root navigation surfaces,541,EnsembleCore; SwiftUI; UIKit,struct MoreView; enum EditTabDropSection; struct EditTabsView; extension View; struct TabRowFramePreferenceKey; struct TabBarSectionDropDelegate; struct AvailableDropDelegate,"Implements MoreView, EditTabDropSection, EditTabsView, TabRowFramePreferenceKey for user-facing swiftui screens and root navigation surfaces.",7,L417: cleanup() | L442: cleanup() | L479: private func cleanup() { | L506: cleanup() | L516: cleanup() | L525: cleanup() | L536: private func cleanup() {,Triage legacy/migration/deprecated markers before new work in this area. | Confirm GeometryReader is localized to measurement and does not drive unstable layout loops. | Confirm observed objects are focused projections or short-lived surfaces under iOS 15 performance rules.,No obvious direct package test signal found by static name/content scan.,"Matches UI layer; check ui-conventions for navigation, design tokens, and observation rules. Observation usage should be checked against iOS 15 performance guidance. Contains migration/legacy/cleanup markers for follow-up triage.",No print usage found. Public API documentation appears incomplete (1/3 declarations with immediate doc comments). GeometryReader usage should remain measurement-scoped and stable for SwiftUI layout performance.,medium,0,0,0,0,1,3,1
Packages/EnsembleUI/Sources/Screens/Root/NavigationCoordinator+Bindings.swift,EnsembleUI,Package,Sources,User-facing SwiftUI screens and root navigation surfaces,12,EnsembleCore; SwiftUI,extension NavigationCoordinator,Provides Navigation Coordinator extension for Bindings support for user-facing swiftui screens and root navigation surfaces.,0,,No immediate cleanup note from static scan; revisit when touching related behavior.,No obvious direct package test signal found by static name/content scan.,"Matches UI layer; check ui-conventions for navigation, design tokens, and observation rules.",No print usage found. Naming/type structure generally follows Swift idioms from static inspection.,low,0,0,0,0,0,0,0
Packages/EnsembleUI/Sources/Screens/Root/NavigationDestinationFactory.swift,EnsembleUI,Package,Sources,User-facing SwiftUI screens and root navigation surfaces,73,EnsembleCore; SwiftUI,struct NavigationDestinationFactory,Implements NavigationDestinationFactory for user-facing swiftui screens and root navigation surfaces.,0,,No immediate cleanup note from static scan; revisit when touching related behavior.,No obvious direct package test signal found by static name/content scan.,"Matches UI layer; check ui-conventions for navigation, design tokens, and observation rules.",No print usage found. Naming/type structure generally follows Swift idioms from static inspection.,low,0,0,0,0,0,0,0
Packages/EnsembleUI/Sources/Screens/Root/RootView.swift,EnsembleUI,Package,Sources,User-facing SwiftUI screens and root navigation surfaces,507,Combine; EnsembleCore; SwiftUI; UIKit,enum RootChromeCoordinateSpace; struct RootChromeRegistration; struct RootChromeLayout; struct RootChromeRegistrationPreferenceKey; struct RootChromeFrameRegistrationView; struct RootMiniPlayerOverlay; struct RootMiniPlayerOverlayHost; struct RootView; struct NowPlayingPresentationModifier,"Implements RootChromeCoordinateSpace, RootChromeRegistration, RootChromeLayout, RootChromeRegistrationPreferenceKey for user-facing swiftui screens and root navigation surfaces.",0,,Confirm GeometryReader is localized to measurement and does not drive unstable layout loops. | Confirm observed objects are focused projections or short-lived surfaces under iOS 15 performance rules.,No obvious direct package test signal found by static name/content scan.,"Matches UI layer; check ui-conventions for navigation, design tokens, and observation rules. Observation usage should be checked against iOS 15 performance guidance.",No print usage found. Public API documentation appears incomplete (0/3 declarations with immediate doc comments). GeometryReader usage should remain measurement-scoped and stable for SwiftUI layout performance.,medium,0,0,0,0,1,3,0
Packages/EnsembleUI/Sources/Screens/Root/SidebarSelection.swift,EnsembleUI,Package,Sources,User-facing SwiftUI screens and root navigation surfaces,46,EnsembleCore,enum SidebarSelection,Implements SidebarSelection for user-facing swiftui screens and root navigation surfaces.,0,,No immediate cleanup note from static scan; revisit when touching related behavior.,Obvious related tests: Packages/EnsembleUI/Tests/NavigationRootHelperTests.swift.,"Matches UI layer; check ui-conventions for navigation, design tokens, and observation rules.",No print usage found. Public API documentation appears incomplete (0/1 declarations with immediate doc comments).,low,0,0,0,0,0,1,0
Packages/EnsembleUI/Sources/Sheets/DesktopSheetScaffold.swift,EnsembleUI,Package,Sources,"Reusable sheets, editor scaffolds, and share presenters",62,SwiftUI,struct DesktopSheetScaffold,"Implements DesktopSheetScaffold for reusable sheets, editor scaffolds, and share presenters.",0,,No immediate cleanup note from static scan; revisit when touching related behavior.,No obvious direct package test signal found by static name/content scan.,"Matches UI layer; check ui-conventions for navigation, design tokens, and observation rules.",No print usage found. Public API documentation appears incomplete (1/3 declarations with immediate doc comments).,low,0,0,0,0,0,3,1
Packages/EnsembleUI/Sources/Sheets/HubOrderingSheet.swift,EnsembleUI,Package,Sources,"Reusable sheets, editor scaffolds, and share presenters",283,EnsembleCore; SwiftUI,struct HubOrderingSheet; struct HubDisplayInfo,"Implements HubOrderingSheet, HubDisplayInfo for reusable sheets, editor scaffolds, and share presenters.",0,,No immediate cleanup note from static scan; revisit when touching related behavior.,No obvious direct package test signal found by static name/content scan.,"Matches UI layer; check ui-conventions for navigation, design tokens, and observation rules.",No print usage found. Public API documentation appears incomplete (1/3 declarations with immediate doc comments).,low,0,0,0,0,0,3,1
Packages/EnsembleUI/Sources/Sheets/MacAuxiliaryWindowScaffold.swift,EnsembleUI,Package,Sources,"Reusable sheets, editor scaffolds, and share presenters",39,AppKit; SwiftUI,struct MacAuxiliaryWindowScaffold,"Implements MacAuxiliaryWindowScaffold for reusable sheets, editor scaffolds, and share presenters.",0,,No immediate cleanup note from static scan; revisit when touching related behavior.,No obvious direct package test signal found by static name/content scan.,"Matches UI layer; check ui-conventions for navigation, design tokens, and observation rules.",No print usage found. Public API documentation appears incomplete (1/3 declarations with immediate doc comments).,low,0,0,0,0,0,3,1
Packages/EnsembleUI/Sources/Sheets/MetadataEditSheet.swift,EnsembleUI,Package,Sources,"Reusable sheets, editor scaffolds, and share presenters",143,EnsembleCore; SwiftUI,class ContextMenuMetadataEditorCoordinator; struct Request; struct MetadataEditSheet; enum ItemKind,"Implements ContextMenuMetadataEditorCoordinator, Request, MetadataEditSheet, ItemKind for reusable sheets, editor scaffolds, and share presenters.",0,,No immediate cleanup note from static scan; revisit when touching related behavior.,"Obvious related tests: Packages/EnsembleCore/Tests/PlaylistMutationWorkflowTests.swift, Packages/EnsembleCore/Tests/TrackRatingMutationWorkflowTests.swift.","Matches UI layer; check ui-conventions for navigation, design tokens, and observation rules.",No print usage found. Naming/type structure generally follows Swift idioms from static inspection.,low,0,0,0,0,0,0,0
Packages/EnsembleUI/Sources/Sheets/PlaylistActionSheets.swift,EnsembleUI,Package,Sources,"Reusable sheets, editor scaffolds, and share presenters",319,EnsembleCore; SwiftUI,struct PlaylistPickerSheet,"Implements PlaylistPickerSheet for reusable sheets, editor scaffolds, and share presenters.",0,,No immediate cleanup note from static scan; revisit when touching related behavior.,No obvious direct package test signal found by static name/content scan.,"Matches UI layer; check ui-conventions for navigation, design tokens, and observation rules.",No print usage found. Public API documentation appears incomplete (0/3 declarations with immediate doc comments).,low,0,0,0,0,0,3,0
Packages/EnsembleUI/Sources/Sheets/ShareSheet.swift,EnsembleUI,Package,Sources,"Reusable sheets, editor scaffolds, and share presenters",85,AppKit; EnsembleCore; SwiftUI; UIKit,enum ShareSheetPresenter,"Implements ShareSheetPresenter for reusable sheets, editor scaffolds, and share presenters.",0,,No immediate cleanup note from static scan; revisit when touching related behavior.,No obvious direct package test signal found by static name/content scan.,"Matches UI layer; check ui-conventions for navigation, design tokens, and observation rules.",No print usage found. Public declarations appear documented by immediate doc comments.,low,0,0,0,0,0,1,1
Packages/EnsembleUI/Sources/Sheets/TextInputView.swift,EnsembleUI,Package,Sources,"Reusable sheets, editor scaffolds, and share presenters",126,SwiftUI,struct TextInputView,"Implements TextInputView for reusable sheets, editor scaffolds, and share presenters.",0,,No immediate cleanup note from static scan; revisit when touching related behavior.,No obvious direct package test signal found by static name/content scan.,"Matches UI layer; check ui-conventions for navigation, design tokens, and observation rules.",No print usage found. Naming/type structure generally follows Swift idioms from static inspection.,low,0,0,0,0,0,0,0
Packages/EnsembleUI/Sources/StageFlow/SongsStageFlowAlbum.swift,EnsembleUI,Package,Sources,CoverFlow/StageFlow music browsing experience,55,EnsembleCore,struct SongsStageFlowAlbum; enum SongsStageFlowAlbumBuilder,"Implements SongsStageFlowAlbum, SongsStageFlowAlbumBuilder for coverflow/stageflow music browsing experience.",0,,No immediate cleanup note from static scan; revisit when touching related behavior.,Obvious related tests: Packages/EnsembleUI/Tests/StageFlowTests.swift.,"Matches UI layer; check ui-conventions for navigation, design tokens, and observation rules.",No print usage found. Naming/type structure generally follows Swift idioms from static inspection.,low,0,0,0,0,0,0,0
Packages/EnsembleUI/Sources/StageFlow/StageFlowItemView.swift,EnsembleUI,Package,Sources,CoverFlow/StageFlow music browsing experience,82,EnsembleCore; SwiftUI,struct StageFlowItemView; extension StageFlowItemView,Implements StageFlowItemView for coverflow/stageflow music browsing experience.,0,,No immediate cleanup note from static scan; revisit when touching related behavior.,No obvious direct package test signal found by static name/content scan.,"Matches UI layer; check ui-conventions for navigation, design tokens, and observation rules.",No print usage found. Naming/type structure generally follows Swift idioms from static inspection.,low,0,0,0,0,0,0,0
Packages/EnsembleUI/Sources/StageFlow/StageFlowTrackPanel.swift,EnsembleUI,Package,Sources,CoverFlow/StageFlow music browsing experience,267,EnsembleCore; SwiftUI,enum StageFlowContentType; struct StageFlowTrackLoader; struct StageFlowTrackPanel,"Implements StageFlowContentType, StageFlowTrackLoader, StageFlowTrackPanel for coverflow/stageflow music browsing experience.",0,,No immediate cleanup note from static scan; revisit when touching related behavior.,No obvious direct package test signal found by static name/content scan.,"Matches UI layer; check ui-conventions for navigation, design tokens, and observation rules.",No print usage found. Naming/type structure generally follows Swift idioms from static inspection.,low,0,0,0,0,0,0,0
Packages/EnsembleUI/Sources/StageFlow/StageFlowView.swift,EnsembleUI,Package,Sources,CoverFlow/StageFlow music browsing experience,748,EnsembleCore; SwiftUI; UIKit,struct StageFlowLayoutMetrics; struct StageFlowItemLayout; enum StageFlowLayoutModel; struct StageFlowView,"Implements StageFlowLayoutMetrics, StageFlowItemLayout, StageFlowLayoutModel, StageFlowView for coverflow/stageflow music browsing experience.",0,,Medium-large file: keep an eye on responsibility creep. | Confirm GeometryReader is localized to measurement and does not drive unstable layout loops.,Obvious related tests: Packages/EnsembleUI/Tests/StageFlowTests.swift.,"Matches UI layer; check ui-conventions for navigation, design tokens, and observation rules.",No print usage found. GeometryReader usage should remain measurement-scoped and stable for SwiftUI layout performance.,low,0,0,0,0,1,0,0
Packages/EnsembleUI/Sources/TrackLists/AppKit/MacNativeTrackTableView.swift,EnsembleUI,Package,Sources,SwiftUI/UIKit/AppKit track list backends and row interactions,875,AppKit; EnsembleCore; Nuke; SwiftUI,struct MacNativeTrackTableView; class Coordinator; class MacNativeContextMenuTableView; class MacNativeTrackScrollView; class MacNativeTrackHostingCell; extension NSEdgeInsets; class MacNativeTrackSectionCell; class MacNativeTrackTableCell; extension NSUserInterfaceItemIdentifier,"Implements MacNativeTrackTableView, Coordinator, MacNativeContextMenuTableView, MacNativeTrackScrollView for swiftui/uikit/appkit track list backends and row interactions.",0,,Medium-large file: keep an eye on responsibility creep.,"Obvious related tests: Packages/EnsembleCore/Tests/BackgroundRefreshCoordinatorTests.swift, Packages/EnsembleCore/Tests/DownloadQueueCoordinatorTests.swift, Packages/EnsembleCore/Tests/NavigationCoordinatorTests.swift, Packages/EnsembleCore/Tests/OfflineDownloadBackgroundCoordinatorTests.swift (+11 more).","Matches UI layer; check ui-conventions for navigation, design tokens, and observation rules.",No print usage found. Large file; review cohesive type/extension boundaries over time.,low,0,0,0,0,0,0,0
Packages/EnsembleUI/Sources/TrackLists/MediaTrackList.swift,EnsembleUI,Package,Sources,SwiftUI/UIKit/AppKit track list backends and row interactions,1351,EnsembleCore; Nuke; SwiftUI; UIKit,class DeferredLayoutTableView; class TrackTableViewCell; struct MediaTrackList; class Coordinator,"Implements DeferredLayoutTableView, TrackTableViewCell, MediaTrackList, Coordinator for swiftui/uikit/appkit track list backends and row interactions.",0,,Large file: audit for nested helpers or policy seams that can move to existing shared owners.,"Obvious related tests: Packages/EnsembleCore/Tests/BackgroundRefreshCoordinatorTests.swift, Packages/EnsembleCore/Tests/DownloadQueueCoordinatorTests.swift, Packages/EnsembleCore/Tests/NavigationCoordinatorTests.swift, Packages/EnsembleCore/Tests/OfflineDownloadBackgroundCoordinatorTests.swift (+11 more).","Matches UI layer; check ui-conventions for navigation, design tokens, and observation rules.",No print usage found. Public API documentation appears incomplete (0/22 declarations with immediate doc comments). Large file; review cohesive type/extension boundaries over time.,medium,0,0,0,0,0,22,0
Packages/EnsembleUI/Sources/TrackLists/NativeMediaTableActionBuilder.swift,EnsembleUI,Package,Sources,SwiftUI/UIKit/AppKit track list backends and row interactions,308,AppKit; EnsembleCore; SwiftUI; UIKit,enum TrackActionPresentation; enum NativeMediaTableActionBuilder; enum NativeMediaTableActionBuilder,"Implements TrackActionPresentation, NativeMediaTableActionBuilder, NativeMediaTableActionBuilder for swiftui/uikit/appkit track list backends and row interactions.",0,,No immediate cleanup note from static scan; revisit when touching related behavior.,Obvious related tests: Packages/EnsembleUI/Tests/EnsembleUITests.swift.,"Matches UI layer; check ui-conventions for navigation, design tokens, and observation rules.",No print usage found. Naming/type structure generally follows Swift idioms from static inspection.,low,0,0,0,0,0,0,0
Packages/EnsembleUI/Sources/TrackLists/NativeTrackListConfiguration.swift,EnsembleUI,Package,Sources,SwiftUI/UIKit/AppKit track list backends and row interactions,104,EnsembleCore; SwiftUI,struct NativeTrackListConfiguration,Implements NativeTrackListConfiguration for swiftui/uikit/appkit track list backends and row interactions.,0,,No immediate cleanup note from static scan; revisit when touching related behavior.,Obvious related tests: Packages/EnsembleUI/Tests/EnsembleUITests.swift.,"Matches UI layer; check ui-conventions for navigation, design tokens, and observation rules.",No print usage found. Public API documentation appears incomplete (1/16 declarations with immediate doc comments).,low,0,0,0,0,0,16,1
Packages/EnsembleUI/Sources/TrackLists/NativeTrackListSections.swift,EnsembleUI,Package,Sources,SwiftUI/UIKit/AppKit track list backends and row interactions,69,EnsembleCore; SwiftUI,struct NativeTrackListSection; enum NativeTrackListFlattenedRow; enum NativeTrackListFlattening,"Implements NativeTrackListSection, NativeTrackListFlattenedRow, NativeTrackListFlattening for swiftui/uikit/appkit track list backends and row interactions.",0,,No immediate cleanup note from static scan; revisit when touching related behavior.,Obvious related tests: Packages/EnsembleUI/Tests/EnsembleUITests.swift.,"Matches UI layer; check ui-conventions for navigation, design tokens, and observation rules.",No print usage found. Public API documentation appears incomplete (2/6 declarations with immediate doc comments).,low,0,0,0,0,0,6,2
Packages/EnsembleUI/Sources/TrackLists/QueueTableView.swift,EnsembleUI,Package,Sources,SwiftUI/UIKit/AppKit track list backends and row interactions,759,EnsembleCore; Nuke; SwiftUI; UIKit,class QueueItemCell; class IntrinsicTableView; struct QueueTableView; class Coordinator; struct QueueSection; enum SectionType,"Implements QueueItemCell, IntrinsicTableView, QueueTableView, Coordinator for swiftui/uikit/appkit track list backends and row interactions.",0,,Medium-large file: keep an eye on responsibility creep.,"Obvious related tests: Packages/EnsembleCore/Tests/BackgroundRefreshCoordinatorTests.swift, Packages/EnsembleCore/Tests/DownloadQueueCoordinatorTests.swift, Packages/EnsembleCore/Tests/NavigationCoordinatorTests.swift, Packages/EnsembleCore/Tests/OfflineDownloadBackgroundCoordinatorTests.swift (+11 more).","Matches UI layer; check ui-conventions for navigation, design tokens, and observation rules.",No print usage found. Public API documentation appears incomplete (0/24 declarations with immediate doc comments). Large file; review cohesive type/extension boundaries over time.,low,0,0,0,0,0,24,0
Packages/EnsembleUI/Sources/TrackLists/SongsTrackListHost.swift,EnsembleUI,Package,Sources,SwiftUI/UIKit/AppKit track list backends and row interactions,291,AppKit; EnsembleCore; Nuke; SwiftUI; UIKit,struct SongsTrackListHost,Implements SongsTrackListHost for swiftui/uikit/appkit track list backends and row interactions.,0,,No immediate cleanup note from static scan; revisit when touching related behavior.,No obvious direct package test signal found by static name/content scan.,"Matches UI layer; check ui-conventions for navigation, design tokens, and observation rules.",No print usage found. Public API documentation appears incomplete (1/6 declarations with immediate doc comments).,low,0,0,0,0,0,6,1
Packages/EnsembleUI/Sources/TrackLists/StandardSwipeActions.swift,EnsembleUI,Package,Sources,SwiftUI/UIKit/AppKit track list backends and row interactions,212,EnsembleCore; SwiftUI,extension View; extension View; struct ClearScrollContentBackgroundModifier,Implements ClearScrollContentBackgroundModifier for swiftui/uikit/appkit track list backends and row interactions.,0,,No immediate cleanup note from static scan; revisit when touching related behavior.,No obvious direct package test signal found by static name/content scan.,"Matches UI layer; check ui-conventions for navigation, design tokens, and observation rules.",No print usage found. Naming/type structure generally follows Swift idioms from static inspection.,low,0,0,0,0,0,0,0
Packages/EnsembleUI/Sources/TrackLists/TrackRow.swift,EnsembleUI,Package,Sources,SwiftUI/UIKit/AppKit track list backends and row interactions,601,EnsembleCore; SwiftUI,struct TrackRow; struct TrackListView; struct TrackListDivider,"Implements TrackRow, TrackListView, TrackListDivider for swiftui/uikit/appkit track list backends and row interactions.",0,,Medium-large file: keep an eye on responsibility creep. | Confirm GeometryReader is localized to measurement and does not drive unstable layout loops.,No obvious direct package test signal found by static name/content scan.,"Matches UI layer; check ui-conventions for navigation, design tokens, and observation rules.",No print usage found. Public API documentation appears incomplete (0/6 declarations with immediate doc comments). GeometryReader usage should remain measurement-scoped and stable for SwiftUI layout performance.,low,0,0,0,0,1,6,0
Packages/EnsembleUI/Sources/TrackLists/TrackRowInteractionModel.swift,EnsembleUI,Package,Sources,SwiftUI/UIKit/AppKit track list backends and row interactions,102,EnsembleCore,struct TrackRowInteractionModel; struct ResolvedActions,"Implements TrackRowInteractionModel, ResolvedActions for swiftui/uikit/appkit track list backends and row interactions.",0,,No immediate cleanup note from static scan; revisit when touching related behavior.,Obvious related tests: Packages/EnsembleUI/Tests/EnsembleUITests.swift.,"Matches UI layer; check ui-conventions for navigation, design tokens, and observation rules.",No print usage found. Public API documentation appears incomplete (1/32 declarations with immediate doc comments).,low,0,0,0,0,0,32,1
Packages/EnsembleUI/Sources/TrackLists/TrackSwipeContainer.swift,EnsembleUI,Package,Sources,SwiftUI/UIKit/AppKit track list backends and row interactions,267,EnsembleCore; SwiftUI; UIKit,struct TrackSwipeContainer,Implements TrackSwipeContainer for swiftui/uikit/appkit track list backends and row interactions.,0,,No immediate cleanup note from static scan; revisit when touching related behavior.,No obvious direct package test signal found by static name/content scan.,"Matches UI layer; check ui-conventions for navigation, design tokens, and observation rules.",No print usage found. Public API documentation appears incomplete (1/3 declarations with immediate doc comments).,low,0,0,0,0,0,3,1
Packages/EnsembleUI/Sources/Utility/ChromeVisibilityPreferenceKey.swift,EnsembleUI,Package,Sources,"Reusable UI utilities, modifiers, menus, toasts, and platform helpers",9,SwiftUI,struct ChromeVisibilityPreferenceKey,"Implements ChromeVisibilityPreferenceKey for reusable ui utilities, modifiers, menus, toasts, and platform helpers.",0,,No immediate cleanup note from static scan; revisit when touching related behavior.,No obvious direct package test signal found by static name/content scan.,"Matches UI layer; check ui-conventions for navigation, design tokens, and observation rules.",No print usage found. Naming/type structure generally follows Swift idioms from static inspection.,low,0,0,0,0,0,0,0
Packages/EnsembleUI/Sources/Utility/CollapsingToolbar.swift,EnsembleUI,Package,Sources,"Reusable UI utilities, modifiers, menus, toasts, and platform helpers",249,SwiftUI; UIKit,struct TitleOffsetPreferenceKey; struct ActionButtonsOffsetPreferenceKey; struct ActionButtonsOffsetTracker; struct CollapsingToolbarTitleModifier; struct TitleOffsetTracker; struct ToolbarBackgroundModifier; struct NavigationBarAppearanceConfigurator; class NavigationBarProbeView; extension View,"Implements TitleOffsetPreferenceKey, ActionButtonsOffsetPreferenceKey, ActionButtonsOffsetTracker, CollapsingToolbarTitleModifier for reusable ui utilities, modifiers, menus, toasts, and platform helpers.",0,,Confirm GeometryReader is localized to measurement and does not drive unstable layout loops.,No obvious direct package test signal found by static name/content scan.,"Matches UI layer; check ui-conventions for navigation, design tokens, and observation rules.",No print usage found. GeometryReader usage should remain measurement-scoped and stable for SwiftUI layout performance.,low,0,0,0,0,4,0,0
Packages/EnsembleUI/Sources/Utility/CompactSearchRows.swift,EnsembleUI,Package,Sources,"Reusable UI utilities, modifiers, menus, toasts, and platform helpers",210,EnsembleCore; SwiftUI,struct CompactArtistRow; struct CompactAlbumRow; struct CompactPlaylistRow; struct CompactTrackRow,"Implements CompactArtistRow, CompactAlbumRow, CompactPlaylistRow, CompactTrackRow for reusable ui utilities, modifiers, menus, toasts, and platform helpers.",0,,No immediate cleanup note from static scan; revisit when touching related behavior.,No obvious direct package test signal found by static name/content scan.,"Matches UI layer; check ui-conventions for navigation, design tokens, and observation rules.",No print usage found. Public API documentation appears incomplete (0/12 declarations with immediate doc comments).,low,0,0,0,0,0,12,0
Packages/EnsembleUI/Sources/Utility/EmptyLibraryView.swift,EnsembleUI,Package,Sources,"Reusable UI utilities, modifiers, menus, toasts, and platform helpers",25,SwiftUI,struct EmptyLibraryView,"Implements EmptyLibraryView for reusable ui utilities, modifiers, menus, toasts, and platform helpers.",0,,No immediate cleanup note from static scan; revisit when touching related behavior.,No obvious direct package test signal found by static name/content scan.,"Matches UI layer; check ui-conventions for navigation, design tokens, and observation rules.",No print usage found. Public API documentation appears incomplete (1/3 declarations with immediate doc comments).,low,0,0,0,0,0,3,1
Packages/EnsembleUI/Sources/Utility/EnsemblePlatformFeaturePolicy.swift,EnsembleUI,Package,Sources,"Reusable UI utilities, modifiers, menus, toasts, and platform helpers",167,SwiftUI; UIKit,enum EnsemblePlatformFamily; enum EnsembleRootNavigationShell; enum EnsembleMiniPlayerMenuRenderer; enum EnsembleNativeTrackListBackend; struct EnsembleCommandFeaturePolicy; struct EnsemblePlatformFeaturePolicy,"Implements EnsemblePlatformFamily, EnsembleRootNavigationShell, EnsembleMiniPlayerMenuRenderer, EnsembleNativeTrackListBackend for reusable ui utilities, modifiers, menus, toasts, and platform helpers.",0,,No immediate cleanup note from static scan; revisit when touching related behavior.,Obvious related tests: Packages/EnsembleUI/Tests/PlatformAndDragPolicyTests.swift.,"Matches UI layer; check ui-conventions for navigation, design tokens, and observation rules.",No print usage found. Public API documentation appears incomplete (1/15 declarations with immediate doc comments).,low,0,0,0,0,0,15,1
Packages/EnsembleUI/Sources/Utility/EnsembleUtilityScreenScaffold.swift,EnsembleUI,Package,Sources,"Reusable UI utilities, modifiers, menus, toasts, and platform helpers",142,SwiftUI,struct EnsembleUtilityScreenScaffold; struct EnsembleAdaptiveUtilityScaffold; struct EnsembleUtilityCardSection; struct EnsembleUtilityCardRow; struct EnsembleUtilityCardDivider,"Implements EnsembleUtilityScreenScaffold, EnsembleAdaptiveUtilityScaffold, EnsembleUtilityCardSection, EnsembleUtilityCardRow for reusable ui utilities, modifiers, menus, toasts, and platform helpers.",0,,No immediate cleanup note from static scan; revisit when touching related behavior.,No obvious direct package test signal found by static name/content scan.,"Matches UI layer; check ui-conventions for navigation, design tokens, and observation rules.",No print usage found. Public API documentation appears incomplete (5/15 declarations with immediate doc comments).,low,0,0,0,0,0,15,5
Packages/EnsembleUI/Sources/Utility/FlipOpacity.swift,EnsembleUI,Package,Sources,"Reusable UI utilities, modifiers, menus, toasts, and platform helpers",42,SwiftUI,struct FlipOpacity; enum FlipType; extension View,"Implements FlipOpacity, FlipType for reusable ui utilities, modifiers, menus, toasts, and platform helpers.",0,,No immediate cleanup note from static scan; revisit when touching related behavior.,No obvious direct package test signal found by static name/content scan.,"Matches UI layer; check ui-conventions for navigation, design tokens, and observation rules.",No print usage found. Naming/type structure generally follows Swift idioms from static inspection.,low,0,0,0,0,0,0,0
Packages/EnsembleUI/Sources/Utility/KeyboardObserver.swift,EnsembleUI,Package,Sources,"Reusable UI utilities, modifiers, menus, toasts, and platform helpers",58,Combine; SwiftUI; UIKit,extension Publishers; class KeyboardObserver; extension View; struct KeyboardAwareModifier,"Implements KeyboardObserver, KeyboardAwareModifier for reusable ui utilities, modifiers, menus, toasts, and platform helpers.",0,,No immediate cleanup note from static scan; revisit when touching related behavior.,No obvious direct package test signal found by static name/content scan.,"Matches UI layer; check ui-conventions for navigation, design tokens, and observation rules.",No print usage found. Public API documentation appears incomplete (1/2 declarations with immediate doc comments).,low,0,0,0,0,0,2,1
Packages/EnsembleUI/Sources/Utility/MarqueeText.swift,EnsembleUI,Package,Sources,"Reusable UI utilities, modifiers, menus, toasts, and platform helpers",174,SwiftUI,struct MarqueeText,"Implements MarqueeText for reusable ui utilities, modifiers, menus, toasts, and platform helpers.",0,,Confirm GeometryReader is localized to measurement and does not drive unstable layout loops.,No obvious direct package test signal found by static name/content scan.,"Matches UI layer; check ui-conventions for navigation, design tokens, and observation rules.",No print usage found. Public API documentation appears incomplete (0/3 declarations with immediate doc comments). GeometryReader usage should remain measurement-scoped and stable for SwiftUI layout performance.,low,0,0,0,0,2,3,0
Packages/EnsembleUI/Sources/Utility/MediaActionLabel.swift,EnsembleUI,Package,Sources,"Reusable UI utilities, modifiers, menus, toasts, and platform helpers",166,EnsembleCore; SwiftUI,struct MediaActionLabel; enum Kind,"Implements MediaActionLabel, Kind for reusable ui utilities, modifiers, menus, toasts, and platform helpers.",0,,No immediate cleanup note from static scan; revisit when touching related behavior.,"Obvious related tests: Packages/EnsembleCore/Tests/DownloadTargetReconcilerTests.swift, Packages/EnsembleCore/Tests/OfflineDownloadCleanupCoordinatorTests.swift, Packages/EnsembleCore/Tests/OfflineDownloadServicePolicyTests.swift.","Matches UI layer; check ui-conventions for navigation, design tokens, and observation rules.",No print usage found. Naming/type structure generally follows Swift idioms from static inspection.,low,0,0,0,0,0,0,0
Packages/EnsembleUI/Sources/Utility/MediaContextMenus.swift,EnsembleUI,Package,Sources,"Reusable UI utilities, modifiers, menus, toasts, and platform helpers",686,EnsembleCore; SwiftUI,struct TrackActionsContextMenu; struct AlbumActionsContextMenu; struct ArtistActionsContextMenu; struct PlaylistActionsContextMenu; struct MergedPlaylistActionsContextMenu; extension Album,"Implements TrackActionsContextMenu, AlbumActionsContextMenu, ArtistActionsContextMenu, PlaylistActionsContextMenu for reusable ui utilities, modifiers, menus, toasts, and platform helpers.",0,,Medium-large file: keep an eye on responsibility creep.,No obvious direct package test signal found by static name/content scan.,"Matches UI layer; check ui-conventions for navigation, design tokens, and observation rules.",No print usage found. Naming/type structure generally follows Swift idioms from static inspection.,low,0,0,0,0,0,0,0
Packages/EnsembleUI/Sources/Utility/MediaDragExportPolicy.swift,EnsembleUI,Package,Sources,"Reusable UI utilities, modifiers, menus, toasts, and platform helpers",80,AppKit; Foundation; UniformTypeIdentifiers,enum MediaDragDestination; enum MediaDragOperationPolicy; struct MediaDragExportPolicy,"Implements MediaDragDestination, MediaDragOperationPolicy, MediaDragExportPolicy for reusable ui utilities, modifiers, menus, toasts, and platform helpers.",0,,No immediate cleanup note from static scan; revisit when touching related behavior.,Obvious related tests: Packages/EnsembleUI/Tests/PlatformAndDragPolicyTests.swift.,"Matches UI layer; check ui-conventions for navigation, design tokens, and observation rules.",No print usage found. Naming/type structure generally follows Swift idioms from static inspection.,low,0,0,0,0,0,0,0
Packages/EnsembleUI/Sources/Utility/MediaDragPayload.swift,EnsembleUI,Package,Sources,"Reusable UI utilities, modifiers, menus, toasts, and platform helpers",447,AppKit; EnsembleCore; Foundation; UniformTypeIdentifiers,struct MediaDragPayload; enum Kind; struct Item; extension MediaDragPayload.Item; extension MediaDragPayload.Kind; class MediaDragFilePromiseProvider; class MediaDragFilePromiseDelegate,"Implements MediaDragPayload, Kind, Item, MediaDragFilePromiseProvider for reusable ui utilities, modifiers, menus, toasts, and platform helpers.",0,,No immediate cleanup note from static scan; revisit when touching related behavior.,"Obvious related tests: Packages/EnsembleCore/Tests/DownloadTargetReconcilerTests.swift, Packages/EnsembleCore/Tests/OfflineDownloadCleanupCoordinatorTests.swift, Packages/EnsembleCore/Tests/OfflineDownloadServicePolicyTests.swift, Packages/EnsembleUI/Tests/EnsembleUITests.swift.","Matches UI layer; check ui-conventions for navigation, design tokens, and observation rules.",No print usage found. Naming/type structure generally follows Swift idioms from static inspection.,low,0,0,0,0,0,0,0
Packages/EnsembleUI/Sources/Utility/MediaMenuCatalog.swift,EnsembleUI,Package,Sources,"Reusable UI utilities, modifiers, menus, toasts, and platform helpers",721,AppKit; EnsembleCore; Foundation; SwiftUI; UIKit,enum MediaMenuContext; enum MediaMenuItemKind; enum MediaMenuActionID; enum MediaMenuSectionID; struct MediaMenuActionDescriptor; enum Role; struct MediaMenuSection; struct MediaMenuLabel; struct MediaMenuHandlers; struct MediaMenuAvailability; struct MediaMenuState; enum MediaMenuCatalog; extension MediaMenuActionDescriptor; struct SwiftUIMediaMenuRenderer; enum UIKitMediaMenuRenderer; enum AppKitMediaMenuRenderer,"Implements MediaMenuContext, MediaMenuItemKind, MediaMenuActionID, MediaMenuSectionID for reusable ui utilities, modifiers, menus, toasts, and platform helpers.",0,,Medium-large file: keep an eye on responsibility creep.,Obvious related tests: Packages/EnsembleUI/Tests/EnsembleUITests.swift.,"Matches UI layer; check ui-conventions for navigation, design tokens, and observation rules.",No print usage found. Naming/type structure generally follows Swift idioms from static inspection.,low,0,0,0,0,0,0,0
Packages/EnsembleUI/Sources/Utility/OfflineIndicatorOverlay.swift,EnsembleUI,Package,Sources,"Reusable UI utilities, modifiers, menus, toasts, and platform helpers",81,EnsembleCore; SwiftUI; UIKit,struct OfflineIndicatorOverlay,"Implements OfflineIndicatorOverlay for reusable ui utilities, modifiers, menus, toasts, and platform helpers.",0,,No immediate cleanup note from static scan; revisit when touching related behavior.,No obvious direct package test signal found by static name/content scan.,"Matches UI layer; check ui-conventions for navigation, design tokens, and observation rules.",No print usage found. Public API documentation appears incomplete (1/3 declarations with immediate doc comments).,low,0,0,0,0,0,3,1
Packages/EnsembleUI/Sources/Utility/PendingChangesRow.swift,EnsembleUI,Package,Sources,"Reusable UI utilities, modifiers, menus, toasts, and platform helpers",38,SwiftUI,struct PendingChangesRow,"Implements PendingChangesRow for reusable ui utilities, modifiers, menus, toasts, and platform helpers.",0,,No immediate cleanup note from static scan; revisit when touching related behavior.,No obvious direct package test signal found by static name/content scan.,"Matches UI layer; check ui-conventions for navigation, design tokens, and observation rules.",No print usage found. Public API documentation appears incomplete (1/3 declarations with immediate doc comments).,low,0,0,0,0,0,3,1
Packages/EnsembleUI/Sources/Utility/PlaylistActionPresentationHost.swift,EnsembleUI,Package,Sources,"Reusable UI utilities, modifiers, menus, toasts, and platform helpers",106,EnsembleCore; SwiftUI,struct PlaylistActionPresentationRequest; enum PlaylistActionPresentationHost; struct PlaylistActionPresentationModifier; extension View,"Implements PlaylistActionPresentationRequest, PlaylistActionPresentationHost, PlaylistActionPresentationModifier for reusable ui utilities, modifiers, menus, toasts, and platform helpers.",0,,No immediate cleanup note from static scan; revisit when touching related behavior.,No obvious direct package test signal found by static name/content scan.,"Matches UI layer; check ui-conventions for navigation, design tokens, and observation rules.",No print usage found. Public API documentation appears incomplete (1/6 declarations with immediate doc comments).,low,0,0,0,0,0,6,1
Packages/EnsembleUI/Sources/Utility/ProfileHeaderView.swift,EnsembleUI,Package,Sources,"Reusable UI utilities, modifiers, menus, toasts, and platform helpers",205,EnsembleCore; SwiftUI; UIKit,struct ProfileHeaderView; struct LocalProfileImage; struct ImagePickerView; class Coordinator,"Implements ProfileHeaderView, LocalProfileImage, ImagePickerView, Coordinator for reusable ui utilities, modifiers, menus, toasts, and platform helpers.",0,,No immediate cleanup note from static scan; revisit when touching related behavior.,"Obvious related tests: Packages/EnsembleCore/Tests/BackgroundRefreshCoordinatorTests.swift, Packages/EnsembleCore/Tests/DownloadQueueCoordinatorTests.swift, Packages/EnsembleCore/Tests/NavigationCoordinatorTests.swift, Packages/EnsembleCore/Tests/OfflineDownloadBackgroundCoordinatorTests.swift (+11 more).","Matches UI layer; check ui-conventions for navigation, design tokens, and observation rules.",No print usage found. Public API documentation appears incomplete (1/3 declarations with immediate doc comments).,low,0,0,0,0,0,3,1
Packages/EnsembleUI/Sources/Utility/ProfileToolbarButton.swift,EnsembleUI,Package,Sources,"Reusable UI utilities, modifiers, menus, toasts, and platform helpers",134,EnsembleCore; SwiftUI,struct ProfileToolbarButton; struct ShowsProfileToolbarKey; extension EnvironmentValues; struct ProfileToolbarModifier; extension View; struct LocalToolbarProfileImage,"Implements ProfileToolbarButton, ShowsProfileToolbarKey, ProfileToolbarModifier, LocalToolbarProfileImage for reusable ui utilities, modifiers, menus, toasts, and platform helpers.",0,,No immediate cleanup note from static scan; revisit when touching related behavior.,No obvious direct package test signal found by static name/content scan.,"Matches UI layer; check ui-conventions for navigation, design tokens, and observation rules.",No print usage found. Public API documentation appears incomplete (1/3 declarations with immediate doc comments).,low,0,0,0,0,0,3,1
Packages/EnsembleUI/Sources/Utility/ShareActions.swift,EnsembleUI,Package,Sources,"Reusable UI utilities, modifiers, menus, toasts, and platform helpers",110,EnsembleCore; SwiftUI,enum ShareActions,"Implements ShareActions for reusable ui utilities, modifiers, menus, toasts, and platform helpers.",0,,No immediate cleanup note from static scan; revisit when touching related behavior.,No obvious direct package test signal found by static name/content scan.,"Matches UI layer; check ui-conventions for navigation, design tokens, and observation rules.",No print usage found. Public declarations appear documented by immediate doc comments.,low,0,0,0,0,0,1,1
Packages/EnsembleUI/Sources/Utility/ToastView.swift,EnsembleUI,Package,Sources,"Reusable UI utilities, modifiers, menus, toasts, and platform helpers",246,EnsembleCore; SwiftUI; UIKit,struct ToastHostView; extension View; struct GlobalToastWindowHost; class Coordinator; class PassthroughWindow; struct GlobalToastOverlayRootView; struct ToastBannerView,"Implements ToastHostView, GlobalToastWindowHost, Coordinator, PassthroughWindow for reusable ui utilities, modifiers, menus, toasts, and platform helpers.",0,,Confirm GeometryReader is localized to measurement and does not drive unstable layout loops.,"Obvious related tests: Packages/EnsembleCore/Tests/BackgroundRefreshCoordinatorTests.swift, Packages/EnsembleCore/Tests/DownloadQueueCoordinatorTests.swift, Packages/EnsembleCore/Tests/NavigationCoordinatorTests.swift, Packages/EnsembleCore/Tests/OfflineDownloadBackgroundCoordinatorTests.swift (+11 more).","Matches UI layer; check ui-conventions for navigation, design tokens, and observation rules.",No print usage found. Public API documentation appears incomplete (1/11 declarations with immediate doc comments). GeometryReader usage should remain measurement-scoped and stable for SwiftUI layout performance.,low,0,0,0,0,1,11,1
Packages/EnsembleUI/Sources/Utility/TrackDownloadRowView.swift,EnsembleUI,Package,Sources,"Reusable UI utilities, modifiers, menus, toasts, and platform helpers",131,EnsembleCore; EnsemblePersistence; SwiftUI,struct TrackDownloadRowView,"Implements TrackDownloadRowView for reusable ui utilities, modifiers, menus, toasts, and platform helpers.",0,,No immediate cleanup note from static scan; revisit when touching related behavior.,No obvious direct package test signal found by static name/content scan.,"Matches UI layer; check ui-conventions for navigation, design tokens, and observation rules.",No print usage found. Naming/type structure generally follows Swift idioms from static inspection.,low,0,0,0,0,0,0,0
Packages/EnsembleUI/Sources/Utility/View+Extensions.swift,EnsembleUI,Package,Sources,"Reusable UI utilities, modifiers, menus, toasts, and platform helpers",556,EnsembleCore; SwiftUI; UIKit,struct ViewportNowPlayingPresentedKey; struct PresentViewportNowPlayingKey; struct DismissViewportNowPlayingKey; struct LargeScreenBrowseDetailPaneKey; struct KeyboardEditorPresentationTracker; extension EnvironmentValues; struct AuroraBackgroundSupportModifier; extension View; struct StageFlowRotationSupportModifier; struct StageFlowImmersiveModeNotifier; struct MiniPlayerContainerInsetter; class InsetProbeView; struct WiggleModifier; extension ToolbarItemPlacement; extension View,"Implements ViewportNowPlayingPresentedKey, PresentViewportNowPlayingKey, DismissViewportNowPlayingKey, LargeScreenBrowseDetailPaneKey for reusable ui utilities, modifiers, menus, toasts, and platform helpers.",0,,No immediate cleanup note from static scan; revisit when touching related behavior.,No obvious direct package test signal found by static name/content scan.,"Matches UI layer; check ui-conventions for navigation, design tokens, and observation rules.",No print usage found. Naming/type structure generally follows Swift idioms from static inspection.,low,0,0,0,0,0,0,0
Packages/EnsembleUI/Tests/EnsembleUITests.swift,EnsembleUI,Package,Tests,Automated test coverage,606,AppKit; EnsembleCore; UniformTypeIdentifiers; XCTest,class EnsembleUITests; extension Array,Exercises EnsembleUITests behavior for regression coverage.,0,,Medium-large file: keep an eye on responsibility creep.,This is a test file.,Aligned with testing skill by preserving package-level regression coverage.,No print usage found. Naming/type structure generally follows Swift idioms from static inspection.,low,0,0,0,0,0,0,0
Packages/EnsembleUI/Tests/NavigationRootHelperTests.swift,EnsembleUI,Package,Tests,Automated test coverage,63,EnsembleCore; XCTest,class NavigationRootHelperTests,Exercises NavigationRootHelperTests behavior for regression coverage.,0,,No immediate cleanup note from static scan; revisit when touching related behavior.,This is a test file.,Aligned with testing skill by preserving package-level regression coverage.,No print usage found. Naming/type structure generally follows Swift idioms from static inspection.,low,0,0,0,0,0,0,0
Packages/EnsembleUI/Tests/PlatformAndDragPolicyTests.swift,EnsembleUI,Package,Tests,Automated test coverage,60,XCTest,class PlatformAndDragPolicyTests,Exercises PlatformAndDragPolicyTests behavior for regression coverage.,0,,No immediate cleanup note from static scan; revisit when touching related behavior.,This is a test file.,Aligned with testing skill by preserving package-level regression coverage.,No print usage found. Naming/type structure generally follows Swift idioms from static inspection.,low,0,0,0,0,0,0,0
Packages/EnsembleUI/Tests/StageFlowTests.swift,EnsembleUI,Package,Tests,Automated test coverage,103,EnsembleCore; XCTest,class StageFlowTests,Exercises StageFlowTests behavior for regression coverage.,0,,No immediate cleanup note from static scan; revisit when touching related behavior.,This is a test file.,Aligned with testing skill by preserving package-level regression coverage.,No print usage found. Naming/type structure generally follows Swift idioms from static inspection.,low,0,0,0,0,0,0,0
